"DisplayName","Enabled","Environment","Créé par","Owner"
"SITel-KojFromMesFlux","True","EduEtatfr - Dev (eduetatfr-dev)","ad7f2c8d-c328-4513-8562-9bf7d280ec8f","ad7f2c8d-c328-4513-8562-9bf7d280ec8f"
"Button -> Créer un élément","True","EduEtatfr - Dev (eduetatfr-dev)","ee8592ae-3015-4b6f-9e67-f27084e6ccf7","ee8592ae-3015-4b6f-9e67-f27084e6ccf7"
"SITel - UrA - RetrieveMembers","False","EduEtatfr - Dev (eduetatfr-dev)","ee8592ae-3015-4b6f-9e67-f27084e6ccf7","ee8592ae-3015-4b6f-9e67-f27084e6ccf7"
"Copier le fichier au format PDF","True","EduEtatfr - Productivité personnelle (org079363dc)","05e057ef-e780-4fce-8142-8774faacbd0e","05e057ef-e780-4fce-8142-8774faacbd0e"
"Datei als PDF in OneDrive (Business) kopieren","True","EduEtatfr - Productivité personnelle (org079363dc)","081e157c-6e44-4cd7-88c4-27d99ecb6e95","081e157c-6e44-4cd7-88c4-27d99ecb6e95"
"Planifier une réponse","True","EduEtatfr - Productivité personnelle (org079363dc)","08520b36-076e-4a29-ae93-f236a201d0f1","08520b36-076e-4a29-ae93-f236a201d0f1"
"Validation des demandes de congé","False","EduEtatfr - Productivité personnelle (org079363dc)","0ac4d26e-74da-4abe-ba12-8bf87708c8bd","0ac4d26e-74da-4abe-ba12-8bf87708c8bd"
"Copier le fichier au format PDF dans OneDrive (Professionnel)","True","EduEtatfr - Productivité personnelle (org079363dc)","137b02b8-cecb-4cfb-adb7-3080ed351f4d","137b02b8-cecb-4cfb-adb7-3080ed351f4d"
"Copier le fichier au format PDF dans OneDrive (Professionnel) - 2","True","EduEtatfr - Productivité personnelle (org079363dc)","14d1710f-520e-458f-9ac7-38e8d037abdb","14d1710f-520e-458f-9ac7-38e8d037abdb"
"Copier le fichier au format PDF dans OneDrive (Professionnel)","True","EduEtatfr - Productivité personnelle (org079363dc)","14d1710f-520e-458f-9ac7-38e8d037abdb","14d1710f-520e-458f-9ac7-38e8d037abdb"
"Validation de la demande","True","EduEtatfr - Productivité personnelle (org079363dc)","14d1710f-520e-458f-9ac7-38e8d037abdb","14d1710f-520e-458f-9ac7-38e8d037abdb"
"Copier le fichier au format PDF dans OneDrive (Professionnel) - 3","True","EduEtatfr - Productivité personnelle (org079363dc)","14d1710f-520e-458f-9ac7-38e8d037abdb","14d1710f-520e-458f-9ac7-38e8d037abdb"
"Nouveau devoir","True","EduEtatfr - Productivité personnelle (org079363dc)","1b3f10d1-3361-46ad-8b05-fefaaa1b6424","1b3f10d1-3361-46ad-8b05-fefaaa1b6424"
"Portfolio","True","EduEtatfr - Productivité personnelle (org079363dc)","1d547370-9e26-461a-a92d-7304fe814b19","1d547370-9e26-461a-a92d-7304fe814b19"
"Send a ""Working from home today"" email to your manager","True","EduEtatfr - Productivité personnelle (org079363dc)","1ea0adf5-7e41-4306-ae76-7319913dbd3d","1ea0adf5-7e41-4306-ae76-7319913dbd3d"
"Get a push notification when you receive an email from your boss","True","EduEtatfr - Productivité personnelle (org079363dc)","1ea0adf5-7e41-4306-ae76-7319913dbd3d","1ea0adf5-7e41-4306-ae76-7319913dbd3d"
"Copier le fichier au format PDF dans OneDrive (Professionnel)","True","EduEtatfr - Productivité personnelle (org079363dc)","26cc11bd-4b22-4a40-a71d-c6b91600185e","26cc11bd-4b22-4a40-a71d-c6b91600185e"
"Aus Microsoft Forms eine Aufgabe in Planner erstellen und Nachricht in Teams posten","False","EduEtatfr - Productivité personnelle (org079363dc)","27e0d2cb-8bb8-46aa-98dd-5655fb5e4687","27e0d2cb-8bb8-46aa-98dd-5655fb5e4687"
"Ticketing Liste updaten","False","EduEtatfr - Productivité personnelle (org079363dc)","27e0d2cb-8bb8-46aa-98dd-5655fb5e4687","27e0d2cb-8bb8-46aa-98dd-5655fb5e4687"
"Ticketing Antworten sammeln","True","EduEtatfr - Productivité personnelle (org079363dc)","27e0d2cb-8bb8-46aa-98dd-5655fb5e4687","27e0d2cb-8bb8-46aa-98dd-5655fb5e4687"
"Save a message to OneNote","True","EduEtatfr - Productivité personnelle (org079363dc)","2dcb3b27-4ea7-46c1-b0b0-2c3ffe691d5f","2dcb3b27-4ea7-46c1-b0b0-2c3ffe691d5f"
"Validation de la demande","True","EduEtatfr - Productivité personnelle (org079363dc)","2e9305d1-eff4-4659-a3da-83d7855f5a40","2e9305d1-eff4-4659-a3da-83d7855f5a40"
"Recevoir les prévisions météo du jour pour mon emplacement actuel","False","EduEtatfr - Productivité personnelle (org079363dc)","2ecea402-c1e5-41b5-a51b-00a17989ca0b","2ecea402-c1e5-41b5-a51b-00a17989ca0b"
"Copier le fichier au format PDF","True","EduEtatfr - Productivité personnelle (org079363dc)","2ff1f70a-4821-4a12-8296-fcec14ccacc0","2ff1f70a-4821-4a12-8296-fcec14ccacc0"
"Copier le fichier au format PDF dans OneDrive (Professionnel)","True","EduEtatfr - Productivité personnelle (org079363dc)","3210414d-a213-4df1-8c0f-a5aa3aee8db0","3210414d-a213-4df1-8c0f-a5aa3aee8db0"
"Copier le fichier au format PDF","True","EduEtatfr - Productivité personnelle (org079363dc)","3da6c6c5-275d-40f0-89b8-2e45bdac4fe2","3da6c6c5-275d-40f0-89b8-2e45bdac4fe2"
"Copier le fichier au format PDF dans OneDrive (Professionnel)","True","EduEtatfr - Productivité personnelle (org079363dc)","3e0893fa-2fc8-447a-9e84-f905003b7914","3e0893fa-2fc8-447a-9e84-f905003b7914"
"Copier le fichier au format PDF","True","EduEtatfr - Productivité personnelle (org079363dc)","455685ab-f246-41fb-9932-9121d191b435","455685ab-f246-41fb-9932-9121d191b435"
"Enregistrer les pièces jointes Office 365 dans OneDrive Entreprise","True","EduEtatfr - Productivité personnelle (org079363dc)","457d4d04-6683-4b98-881b-2eeae423a50e","457d4d04-6683-4b98-881b-2eeae423a50e"
"Copier le fichier au format PDF","True","EduEtatfr - Productivité personnelle (org079363dc)","48c20017-b60c-45dc-82bd-2beb266d7719","48c20017-b60c-45dc-82bd-2beb266d7719"
"Genehmigung anfordern","True","EduEtatfr - Productivité personnelle (org079363dc)","4b3f3932-7a86-4692-8589-8ffde33eca86","4b3f3932-7a86-4692-8589-8ffde33eca86"
"Planifier une réponse","True","EduEtatfr - Productivité personnelle (org079363dc)","4d25ac26-031a-4468-ac1f-30d2d0e0d605","4d25ac26-031a-4468-ac1f-30d2d0e0d605 6f7b174e-f7b4-40cb-a8b2-629976c6b5cb"
"Datei als PDF in OneDrive (Business) kopieren","True","EduEtatfr - Productivité personnelle (org079363dc)","5f6bd8d5-3d37-4a28-9021-8f52d0c024d4","5f6bd8d5-3d37-4a28-9021-8f52d0c024d4"
"Envoyer un message teams","True","EduEtatfr - Productivité personnelle (org079363dc)","660785e6-b5bd-406f-8a06-4f51f2f887c5","660785e6-b5bd-406f-8a06-4f51f2f887c5"
"Genehmigung anfordern","True","EduEtatfr - Productivité personnelle (org079363dc)","698c7c31-168a-4fd0-810b-9b85ebb92127","698c7c31-168a-4fd0-810b-9b85ebb92127"
"Copier le fichier au format PDF dans OneDrive (Professionnel)","True","EduEtatfr - Productivité personnelle (org079363dc)","73035e20-6c9b-4be1-9c4a-35ef4ad249cf","73035e20-6c9b-4be1-9c4a-35ef4ad249cf"
"Copier le fichier au format PDF dans OneDrive (Professionnel)","True","EduEtatfr - Productivité personnelle (org079363dc)","74b53014-27c6-464d-8a2b-8130f26674c7","74b53014-27c6-464d-8a2b-8130f26674c7"
"Schedule a reply","True","EduEtatfr - Productivité personnelle (org079363dc)","75dfc422-76a0-4ede-9537-e936d96d6959","75dfc422-76a0-4ede-9537-e936d96d6959"
"Fritic-Friportail-SetPermissionToResPedago","True","EduEtatfr - Productivité personnelle (org079363dc)","78238ff9-7f14-470f-ba5d-3402ecb6388f","78238ff9-7f14-470f-ba5d-3402ecb6388f"
"Validation de la demande","True","EduEtatfr - Productivité personnelle (org079363dc)","7af714cb-8101-4854-aecb-fd882d5b28a3","7af714cb-8101-4854-aecb-fd882d5b28a3"
"Datei als PDF in OneDrive (Business) kopieren","True","EduEtatfr - Productivité personnelle (org079363dc)","800dffbc-0595-4fa3-b37f-5695de299547","800dffbc-0595-4fa3-b37f-5695de299547"
"Enregistrer les pièces jointes Office 365 dans OneDrive Entreprise","True","EduEtatfr - Productivité personnelle (org079363dc)","82b6d4a2-7ee0-4652-a320-a51e475dcedb","82b6d4a2-7ee0-4652-a320-a51e475dcedb"
"Copier le fichier au format PDF dans OneDrive (Professionnel)","True","EduEtatfr - Productivité personnelle (org079363dc)","82ea3507-2eda-4f65-8ee7-702adf8c5c27","82ea3507-2eda-4f65-8ee7-702adf8c5c27"
"M’envoyer un rappel dans 10 minutes","True","EduEtatfr - Productivité personnelle (org079363dc)","83041da7-2993-4c4a-b05d-17ed1bf6b531","83041da7-2993-4c4a-b05d-17ed1bf6b531"
"Suivre un message","True","EduEtatfr - Productivité personnelle (org079363dc)","8659a23e-6da9-450c-a786-0f5bcc965963","8659a23e-6da9-450c-a786-0f5bcc965963"
"Lorsqu’un nouveau message de canal est ajouté -> Envoyer un e-mail ...","False","EduEtatfr - Productivité personnelle (org079363dc)","87561d08-142b-43ef-bf63-244de3d14de2","87561d08-142b-43ef-bf63-244de3d14de2"
"Copier le fichier au format PDF dans OneDrive (Professionnel)","True","EduEtatfr - Productivité personnelle (org079363dc)","89737f64-25d5-4ba7-961a-a8c5e56ab682","89737f64-25d5-4ba7-961a-a8c5e56ab682"
"lister_membres_equipe_teams","True","EduEtatfr - Productivité personnelle (org079363dc)","8b51dcca-8d08-42d3-9454-619936b121a7","8b51dcca-8d08-42d3-9454-619936b121a7"
"Copier le fichier au format PDF dans OneDrive (Professionnel)","True","EduEtatfr - Productivité personnelle (org079363dc)","8bba8cb0-db47-439d-bb0c-4daa97ed5687","8bba8cb0-db47-439d-bb0c-4daa97ed5687"
"Copier le fichier au format PDF dans OneDrive (Professionnel)","True","EduEtatfr - Productivité personnelle (org079363dc)","8c017000-fb8c-495b-843f-c6e6652df6b9","8c017000-fb8c-495b-843f-c6e6652df6b9"
"Copier le fichier au format PDF","True","EduEtatfr - Productivité personnelle (org079363dc)","8ccd78cf-b89b-406c-a934-f560d55da68b","8ccd78cf-b89b-406c-a934-f560d55da68b"
"Créer des tâches Planner pour les e-mails marqués dans Office 365","False","EduEtatfr - Productivité personnelle (org079363dc)","98d2a1c3-fff3-4996-b40c-e63bed252eef","98d2a1c3-fff3-4996-b40c-e63bed252eef"
"Copier le fichier au format PDF dans OneDrive (Professionnel)","True","EduEtatfr - Productivité personnelle (org079363dc)","9d687943-a99d-4a16-a8a7-228f97a2344b","9d687943-a99d-4a16-a8a7-228f97a2344b"
"Copier le fichier au format PDF dans OneDrive (Professionnel)","True","EduEtatfr - Productivité personnelle (org079363dc)","a7df6129-0c72-4ada-aa47-aa6db0891892","a7df6129-0c72-4ada-aa47-aa6db0891892"
"PR-Modele","True","EduEtatfr - Productivité personnelle (org079363dc)","b1ab25fc-04d4-490f-861e-a52ae5173ea5","b1ab25fc-04d4-490f-861e-a52ae5173ea5"
"Copier le fichier au format PDF","True","EduEtatfr - Productivité personnelle (org079363dc)","b34df342-11c9-46e5-9924-a93951b79132","b34df342-11c9-46e5-9924-a93951b79132"
"Copier le fichier au format PDF dans OneDrive (Professionnel)","True","EduEtatfr - Productivité personnelle (org079363dc)","b5ba2862-19d8-4d7c-b900-a52df1a9e0d4","b5ba2862-19d8-4d7c-b900-a52df1a9e0d4"
"Copier le fichier au format PDF dans OneDrive (Professionnel)","True","EduEtatfr - Productivité personnelle (org079363dc)","bb166981-b908-4d63-86fa-3a22b42eda41","bb166981-b908-4d63-86fa-3a22b42eda41"
"Notify a team when a new Forms response is submitted - 2","False","EduEtatfr - Productivité personnelle (org079363dc)","bb98507e-2313-4417-a2bf-3b86b913beb0","bb98507e-2313-4417-a2bf-3b86b913beb0"
"Notify a team when a new Forms response is submitted","False","EduEtatfr - Productivité personnelle (org079363dc)","bb98507e-2313-4417-a2bf-3b86b913beb0","bb98507e-2313-4417-a2bf-3b86b913beb0"
"Copier le fichier au format PDF dans OneDrive (Professionnel)","True","EduEtatfr - Productivité personnelle (org079363dc)","bd56e53b-b543-4eea-8097-6d7172a71f85","bd56e53b-b543-4eea-8097-6d7172a71f85"
"Copier le fichier au format PDF dans OneDrive (Professionnel)","True","EduEtatfr - Productivité personnelle (org079363dc)","bebbb71e-5eaa-4bcc-81e1-70856557dd8a","bebbb71e-5eaa-4bcc-81e1-70856557dd8a"
"Nachricht in Notizbuch Zugänge-Informationen ablegen","True","EduEtatfr - Productivité personnelle (org079363dc)","c010dfa5-f8e2-45fc-b25f-04a87c376c67","c010dfa5-f8e2-45fc-b25f-04a87c376c67"
"neueKursmoduleVorschlag","False","EduEtatfr - Productivité personnelle (org079363dc)","c010dfa5-f8e2-45fc-b25f-04a87c376c67","c010dfa5-f8e2-45fc-b25f-04a87c376c67"
"Lister membres équipe","True","EduEtatfr - Productivité personnelle (org079363dc)","c179c62a-898d-4e4c-b150-ab97d61713a2","c179c62a-898d-4e4c-b150-ab97d61713a2"
"Enregistrer un message dans OneNote","True","EduEtatfr - Productivité personnelle (org079363dc)","c179c62a-898d-4e4c-b150-ab97d61713a2","c179c62a-898d-4e4c-b150-ab97d61713a2"
"Publier le message sur dddd","True","EduEtatfr - Productivité personnelle (org079363dc)","c179c62a-898d-4e4c-b150-ab97d61713a2","c179c62a-898d-4e4c-b150-ab97d61713a2"
"Copier le fichier au format PDF dans OneDrive (Professionnel)","True","EduEtatfr - Productivité personnelle (org079363dc)","c2bc8e75-ef03-4d4c-aa0c-7e6479cf528b","c2bc8e75-ef03-4d4c-aa0c-7e6479cf528b"
"Button -> Send me an email notification","True","EduEtatfr - Productivité personnelle (org079363dc)","c86d58a8-e61c-4494-9503-bd81cb4d21a4","c86d58a8-e61c-4494-9503-bd81cb4d21a4"
"melfuze","True","EduEtatfr - Productivité personnelle (org079363dc)","d1b79000-d8b5-402c-baf5-49134a9c72a4","d1b79000-d8b5-402c-baf5-49134a9c72a4"
"Suivre un message","True","EduEtatfr - Productivité personnelle (org079363dc)","d4c41435-b387-4b8a-bab0-ccb873dc5ded","d4c41435-b387-4b8a-bab0-ccb873dc5ded"
"Copier le fichier au format PDF dans OneDrive (Professionnel)","True","EduEtatfr - Productivité personnelle (org079363dc)","de71c147-5a89-4d3a-a04e-8fb05e5ac71b","de71c147-5a89-4d3a-a04e-8fb05e5ac71b"
"Copier le fichier au format PDF dans OneDrive (Professionnel)","True","EduEtatfr - Productivité personnelle (org079363dc)","e0e754da-9d5b-4581-8b8f-2c50bf4d02b2","e0e754da-9d5b-4581-8b8f-2c50bf4d02b2"
"Copier le fichier au format PDF dans OneDrive (Professionnel)","True","EduEtatfr - Productivité personnelle (org079363dc)","e546b801-7c0c-41c4-b4db-af19c026ec4d","e546b801-7c0c-41c4-b4db-af19c026ec4d"
"Datei als PDF in OneDrive (Business) kopieren","True","EduEtatfr - Productivité personnelle (org079363dc)","e7c0428e-2b16-4368-8ffa-c95ff0eb01c4","e7c0428e-2b16-4368-8ffa-c95ff0eb01c4"
"Notify a team when a new Forms response is submitted","False","EduEtatfr - Productivité personnelle (org079363dc)","ea8fcfff-8677-42ed-989d-9b4055fabb01","ea8fcfff-8677-42ed-989d-9b4055fabb01"
"Suivre un message","True","EduEtatfr - Productivité personnelle (org079363dc)","ea8fcfff-8677-42ed-989d-9b4055fabb01","ea8fcfff-8677-42ed-989d-9b4055fabb01"
"To Planner","True","EduEtatfr - Productivité personnelle (org079363dc)","ea8fcfff-8677-42ed-989d-9b4055fabb01","ea8fcfff-8677-42ed-989d-9b4055fabb01"
"Datei als PDF in OneDrive (Business) kopieren","True","EduEtatfr - Productivité personnelle (org079363dc)","ebf0c121-f4a7-4ce4-96b0-813ffc8f458a","ebf0c121-f4a7-4ce4-96b0-813ffc8f458a"
"Copier le fichier au format PDF dans OneDrive (Professionnel)","True","EduEtatfr - Productivité personnelle (org079363dc)","f1cd9ca1-f7f3-45b3-9dba-edbe85f00996","f1cd9ca1-f7f3-45b3-9dba-edbe85f00996"
"Schedule a rehihiply","True","EduEtatfr - Productivité personnelle (org079363dc)","f3a7a00c-74f1-40b2-afe1-495d9973a091","f3a7a00c-74f1-40b2-afe1-495d9973a091"
"Copier le fichier au format PDF dans OneDrive (Professionnel)","True","EduEtatfr - Productivité personnelle (org079363dc)","f3e25744-06d2-4f65-bb38-8ba9a5e59f4c","f3e25744-06d2-4f65-bb38-8ba9a5e59f4c"
"Validation de la demande","True","EduEtatfr - Productivité personnelle (org079363dc)","f4d7b797-80b8-419b-ab5b-4dd42e1485fc","f4d7b797-80b8-419b-ab5b-4dd42e1485fc"
"Validation de la demande","True","EduEtatfr - Productivité personnelle (org079363dc)","08a64213-6866-4e35-bf69-27d1f4fcf1ac",
"Copier le fichier au format PDF dans OneDrive (Professionnel) - 2","True","EduEtatfr - Productivité personnelle (org079363dc)","02524595-9048-4ae5-8591-056c8b290fee","02524595-9048-4ae5-8591-056c8b290fee"
"Copier le fichier au format PDF dans OneDrive (Professionnel) - 3","True","EduEtatfr - Productivité personnelle (org079363dc)","02524595-9048-4ae5-8591-056c8b290fee","02524595-9048-4ae5-8591-056c8b290fee"
"Copier le fichier au format PDF dans OneDrive (Professionnel)","True","EduEtatfr - Productivité personnelle (org079363dc)","02524595-9048-4ae5-8591-056c8b290fee","02524595-9048-4ae5-8591-056c8b290fee"
"Copier le fichier au format PDF dans OneDrive (Professionnel)","True","EduEtatfr - Productivité personnelle (org079363dc)","03e1c373-7a19-455c-bc21-3fb0ad731157","03e1c373-7a19-455c-bc21-3fb0ad731157"
"Lancer l'approbation du manager pour le fichier sélectionné","False","EduEtatfr - Productivité personnelle (org079363dc)","09d2a40c-f764-4384-b16e-b8ec34a659e4","09d2a40c-f764-4384-b16e-b8ec34a659e4"
"Copier le fichier au format PDF dans OneDrive (Professionnel)","True","EduEtatfr - Productivité personnelle (org079363dc)","0bd89a6f-ff97-4a1a-9330-08892aa7527c","0bd89a6f-ff97-4a1a-9330-08892aa7527c"
"Save Office 365 email attachments to OneDrive for Business","True","EduEtatfr - Productivité personnelle (org079363dc)","0f62c929-5e20-4fa9-b91d-15dc6bfbe6d7","0f62c929-5e20-4fa9-b91d-15dc6bfbe6d7"
"Get a push notification when you receive an email from your boss","True","EduEtatfr - Productivité personnelle (org079363dc)","0f62c929-5e20-4fa9-b91d-15dc6bfbe6d7","0f62c929-5e20-4fa9-b91d-15dc6bfbe6d7"
"Planifier une réponse","True","EduEtatfr - Productivité personnelle (org079363dc)","1304d6f3-632e-4185-ad84-711120dbef91","1304d6f3-632e-4185-ad84-711120dbef91"
"Copier le fichier au format PDF dans OneDrive (Professionnel)","True","EduEtatfr - Productivité personnelle (org079363dc)","13b2075e-3eac-4c2e-b834-e6a11208f1fd","13b2075e-3eac-4c2e-b834-e6a11208f1fd"
"Suivre un message","True","EduEtatfr - Productivité personnelle (org079363dc)","15aa869c-a2c9-4445-a0c4-32167d6d9374","15aa869c-a2c9-4445-a0c4-32167d6d9374"
"Pushbenachrichtigung erhalten, wenn Sie eine E-Mail von Ihrem Chef erhalten–2","True","EduEtatfr - Productivité personnelle (org079363dc)","181a8ed8-1ebf-41aa-a261-342bb4725fdf","181a8ed8-1ebf-41aa-a261-342bb4725fdf"
"Pushbenachrichtigung erhalten, wenn Sie eine E-Mail von Ihrem Chef erhalten","True","EduEtatfr - Productivité personnelle (org079363dc)","181a8ed8-1ebf-41aa-a261-342bb4725fdf","181a8ed8-1ebf-41aa-a261-342bb4725fdf"
"Tags-PR","False","EduEtatfr - Productivité personnelle (org079363dc)","1ac53929-e50c-4201-aa80-9ea3cf17cd57","1ac53929-e50c-4201-aa80-9ea3cf17cd57"
"Validation de la demande","True","EduEtatfr - Productivité personnelle (org079363dc)","247a35d4-e9b6-4935-bdcd-c41b374689cc","247a35d4-e9b6-4935-bdcd-c41b374689cc"
"Copier le fichier au format PDF dans OneDrive (Professionnel)","True","EduEtatfr - Productivité personnelle (org079363dc)","28b4b027-7fb8-40cd-8eac-82a338d30abc","28b4b027-7fb8-40cd-8eac-82a338d30abc"
"Welcome new teams members and share their bio","False","EduEtatfr - Productivité personnelle (org079363dc)","29872c10-8fab-423a-8ae4-b83d0987af6c","29872c10-8fab-423a-8ae4-b83d0987af6c"
"Validation de la demande","True","EduEtatfr - Productivité personnelle (org079363dc)","2fb298bf-cc94-414c-952b-9275790ecf75","2fb298bf-cc94-414c-952b-9275790ecf75"
"Datei als PDF in OneDrive (Business) kopieren","True","EduEtatfr - Productivité personnelle (org079363dc)","30dc8e5a-714d-49a7-8d98-0fcf0ec31a72","30dc8e5a-714d-49a7-8d98-0fcf0ec31a72"
"Recevoir une notification Push lors de l’ajout d’un fichier dans OneDrive Entreprise","False","EduEtatfr - Productivité personnelle (org079363dc)","321df6c6-a474-47df-bcb9-e540bbcf6ff0","321df6c6-a474-47df-bcb9-e540bbcf6ff0"
"Recevoir un mail lors du dépôt d'un fichier","False","EduEtatfr - Productivité personnelle (org079363dc)","321df6c6-a474-47df-bcb9-e540bbcf6ff0","321df6c6-a474-47df-bcb9-e540bbcf6ff0"
"Copie de -Copier le fichier au format PDF dans OneDrive (Professionnel)","False","EduEtatfr - Productivité personnelle (org079363dc)","3900063c-9578-4134-945f-b2448cf5350a","3900063c-9578-4134-945f-b2448cf5350a"
"Copier le fichier au format PDF dans OneDrive (Professionnel)","True","EduEtatfr - Productivité personnelle (org079363dc)","3900063c-9578-4134-945f-b2448cf5350a","3900063c-9578-4134-945f-b2448cf5350a"
"Copier le fichier au format PDF dans OneDrive (Professionnel)","True","EduEtatfr - Productivité personnelle (org079363dc)","3935c38f-25b7-49c2-a329-d215eefd3e37","3935c38f-25b7-49c2-a329-d215eefd3e37"
"Copier le fichier au format PDF dans OneDrive (Professionnel)","True","EduEtatfr - Productivité personnelle (org079363dc)","3a49305e-bd8f-497c-abff-dbc51eabc76a","3a49305e-bd8f-497c-abff-dbc51eabc76a"
"Copier le fichier au format PDF dans OneDrive (Professionnel)","True","EduEtatfr - Productivité personnelle (org079363dc)","3c96cb04-2237-4223-b070-99a465438b8f","3c96cb04-2237-4223-b070-99a465438b8f"
"Recevoir une notification Push lors de la réception d’un e-mail provenant de votre patron","True","EduEtatfr - Productivité personnelle (org079363dc)","4093b1a1-b545-404c-b4b7-cf74b2d60bab","4093b1a1-b545-404c-b4b7-cf74b2d60bab"
"Copier le fichier au format PDF dans OneDrive (Professionnel)","True","EduEtatfr - Productivité personnelle (org079363dc)","42a4f2fb-eb3a-42b9-8f9e-5379f0ad2c5e","42a4f2fb-eb3a-42b9-8f9e-5379f0ad2c5e"
"Copier le fichier au format PDF","True","EduEtatfr - Productivité personnelle (org079363dc)","49249c3a-4bcf-45f9-bf66-a6803c4a3bdc","49249c3a-4bcf-45f9-bf66-a6803c4a3bdc"
"Start an approval when a file is added to OneDrive","True","EduEtatfr - Productivité personnelle (org079363dc)","4e76f86e-2e4a-4e23-b1e1-60fc1041403e","4e76f86e-2e4a-4e23-b1e1-60fc1041403e"
"Copier le fichier au format PDF dans OneDrive (Professionnel)","True","EduEtatfr - Productivité personnelle (org079363dc)","50ac9349-29ec-45a9-9c7e-5daebe2e2a7b","50ac9349-29ec-45a9-9c7e-5daebe2e2a7b"
"Syn Contact SharePoint EPAC Root","True","EduEtatfr - Productivité personnelle (org079363dc)","5198b11c-9981-40e3-bd56-dfd87c96ecd2","5198b11c-9981-40e3-bd56-dfd87c96ecd2"
"Signature","False","EduEtatfr - Productivité personnelle (org079363dc)","53df2b1c-b6a1-4d6e-a833-8370fd417785","53df2b1c-b6a1-4d6e-a833-8370fd417785 66daaf96-bab2-46d6-af1c-b981f41d6bac"
"Demandes et Support - Super Users","False","EduEtatfr - Productivité personnelle (org079363dc)","53df2b1c-b6a1-4d6e-a833-8370fd417785","53df2b1c-b6a1-4d6e-a833-8370fd417785"
"Demandes et support - Envoyer un mail depuis SharePoint","True","EduEtatfr - Productivité personnelle (org079363dc)","53df2b1c-b6a1-4d6e-a833-8370fd417785","53df2b1c-b6a1-4d6e-a833-8370fd417785"
"Demande et support - Notifications aux utilisateurs","False","EduEtatfr - Productivité personnelle (org079363dc)","53df2b1c-b6a1-4d6e-a833-8370fd417785","53df2b1c-b6a1-4d6e-a833-8370fd417785 6b1ea666-be12-466f-afe2-eefbf129e832"
"Demandes et support - Notifications","False","EduEtatfr - Productivité personnelle (org079363dc)","53df2b1c-b6a1-4d6e-a833-8370fd417785","53df2b1c-b6a1-4d6e-a833-8370fd417785"
"Copy SharePoint list items to Excel Online Business and send an email","False","EduEtatfr - Productivité personnelle (org079363dc)","53df2b1c-b6a1-4d6e-a833-8370fd417785","53df2b1c-b6a1-4d6e-a833-8370fd417785"
"Demandes et support - Résoudre la demande","True","EduEtatfr - Productivité personnelle (org079363dc)","53df2b1c-b6a1-4d6e-a833-8370fd417785","53df2b1c-b6a1-4d6e-a833-8370fd417785"
"Enregistrer les réponses au formulaire dans SharePoint","False","EduEtatfr - Productivité personnelle (org079363dc)","53df2b1c-b6a1-4d6e-a833-8370fd417785","53df2b1c-b6a1-4d6e-a833-8370fd417785"
"Vorfallmeldung an SD","True","EduEtatfr - Productivité personnelle (org079363dc)","54a074c4-f8d7-49ac-b218-61df626bbdaa","1b4f4e7e-304d-4954-b102-11665e4ad6bf 8c4f567a-d81f-4eee-95b7-e57037d8ad41 54a074c4-f8d7-49ac-b218-61df626bbdaa"
"PTI : Propager les données","True","EduEtatfr - Productivité personnelle (org079363dc)","589f345e-5391-46de-95c0-694291ac192e","589f345e-5391-46de-95c0-694291ac192e"
"Demande d'approbation","True","EduEtatfr - Productivité personnelle (org079363dc)","589f345e-5391-46de-95c0-694291ac192e","589f345e-5391-46de-95c0-694291ac192e"
"Ajout no module","False","EduEtatfr - Productivité personnelle (org079363dc)","589f345e-5391-46de-95c0-694291ac192e","589f345e-5391-46de-95c0-694291ac192e"
"Quand un fichier est créé (propriétés uniquement) -> Mettre à jour ...","True","EduEtatfr - Productivité personnelle (org079363dc)","589f345e-5391-46de-95c0-694291ac192e","589f345e-5391-46de-95c0-694291ac192e"
"Copier des fichiers d’un compte ou dossier SharePoint Online vers un autre","True","EduEtatfr - Productivité personnelle (org079363dc)","5d6b8131-fd0d-4a94-9172-86412bf3ffdf","5d6b8131-fd0d-4a94-9172-86412bf3ffdf"
"Ajout meta Multimedia","True","EduEtatfr - Productivité personnelle (org079363dc)","5d6b8131-fd0d-4a94-9172-86412bf3ffdf","5d6b8131-fd0d-4a94-9172-86412bf3ffdf"
"Syn Contact SharePoint EPAC Root","True","EduEtatfr - Productivité personnelle (org079363dc)","5d6b8131-fd0d-4a94-9172-86412bf3ffdf","5d6b8131-fd0d-4a94-9172-86412bf3ffdf"
"Datei als PDF in OneDrive (Business) kopieren","True","EduEtatfr - Productivité personnelle (org079363dc)","5f04192e-5896-4719-8f7b-3eafc51b4569","5f04192e-5896-4719-8f7b-3eafc51b4569"
"Datei als PDF in OneDrive (Business) kopieren–2","True","EduEtatfr - Productivité personnelle (org079363dc)","5f04192e-5896-4719-8f7b-3eafc51b4569","5f04192e-5896-4719-8f7b-3eafc51b4569"
"Demande pour nouveau collaborateur","False","EduEtatfr - Productivité personnelle (org079363dc)","66daaf96-bab2-46d6-af1c-b981f41d6bac","4c06275c-1ac1-4602-a1be-78d7e3b444c2 53df2b1c-b6a1-4d6e-a833-8370fd417785 3e576913-0c73-4f41-96f6-74c875db17d5 a9b8518a-73ad-416f-9958-6a3d342e3c1a 66daaf96-bab2-46d6-af1c-b981f41d6bac"
"When a new response is submitted -> Post an Adaptive Card to a Team...","False","EduEtatfr - Productivité personnelle (org079363dc)","66daaf96-bab2-46d6-af1c-b981f41d6bac","66daaf96-bab2-46d6-af1c-b981f41d6bac"
"Track Microsoft Forms response in Excel and notify through Teams and email","False","EduEtatfr - Productivité personnelle (org079363dc)","66daaf96-bab2-46d6-af1c-b981f41d6bac","66daaf96-bab2-46d6-af1c-b981f41d6bac"
"Template demande","False","EduEtatfr - Productivité personnelle (org079363dc)","66daaf96-bab2-46d6-af1c-b981f41d6bac","66daaf96-bab2-46d6-af1c-b981f41d6bac"
"Demande de matériel informatique","False","EduEtatfr - Productivité personnelle (org079363dc)","66daaf96-bab2-46d6-af1c-b981f41d6bac","53df2b1c-b6a1-4d6e-a833-8370fd417785 3e576913-0c73-4f41-96f6-74c875db17d5 4c06275c-1ac1-4602-a1be-78d7e3b444c2 66daaf96-bab2-46d6-af1c-b981f41d6bac a9b8518a-73ad-416f-9958-6a3d342e3c1a"
"Matériel","False","EduEtatfr - Productivité personnelle (org079363dc)","66daaf96-bab2-46d6-af1c-b981f41d6bac","66daaf96-bab2-46d6-af1c-b981f41d6bac"
"Demande de projet","False","EduEtatfr - Productivité personnelle (org079363dc)","66daaf96-bab2-46d6-af1c-b981f41d6bac","3e576913-0c73-4f41-96f6-74c875db17d5 4c06275c-1ac1-4602-a1be-78d7e3b444c2 53df2b1c-b6a1-4d6e-a833-8370fd417785 66daaf96-bab2-46d6-af1c-b981f41d6bac a9b8518a-73ad-416f-9958-6a3d342e3c1a"
"Support informatique collab","False","EduEtatfr - Productivité personnelle (org079363dc)","66daaf96-bab2-46d6-af1c-b981f41d6bac","4c06275c-1ac1-4602-a1be-78d7e3b444c2 53df2b1c-b6a1-4d6e-a833-8370fd417785 66daaf96-bab2-46d6-af1c-b981f41d6bac a9b8518a-73ad-416f-9958-6a3d342e3c1a 3e576913-0c73-4f41-96f6-74c875db17d5"
"Plateformes","False","EduEtatfr - Productivité personnelle (org079363dc)","66daaf96-bab2-46d6-af1c-b981f41d6bac","4c06275c-1ac1-4602-a1be-78d7e3b444c2 3e576913-0c73-4f41-96f6-74c875db17d5 53df2b1c-b6a1-4d6e-a833-8370fd417785 66daaf96-bab2-46d6-af1c-b981f41d6bac a9b8518a-73ad-416f-9958-6a3d342e3c1a"
"Accès étudiant","False","EduEtatfr - Productivité personnelle (org079363dc)","66daaf96-bab2-46d6-af1c-b981f41d6bac","3e576913-0c73-4f41-96f6-74c875db17d5 4c06275c-1ac1-4602-a1be-78d7e3b444c2 a9b8518a-73ad-416f-9958-6a3d342e3c1a 53df2b1c-b6a1-4d6e-a833-8370fd417785 66daaf96-bab2-46d6-af1c-b981f41d6bac"
"Demande de logiciel","False","EduEtatfr - Productivité personnelle (org079363dc)","66daaf96-bab2-46d6-af1c-b981f41d6bac","4c06275c-1ac1-4602-a1be-78d7e3b444c2 53df2b1c-b6a1-4d6e-a833-8370fd417785 3e576913-0c73-4f41-96f6-74c875db17d5 66daaf96-bab2-46d6-af1c-b981f41d6bac a9b8518a-73ad-416f-9958-6a3d342e3c1a"
"Lorsqu'une nouvelle réponse est envoyée -> Obtenir les détails de l... - 2","False","EduEtatfr - Productivité personnelle (org079363dc)","66daaf96-bab2-46d6-af1c-b981f41d6bac","66daaf96-bab2-46d6-af1c-b981f41d6bac"
"Button -> Répertorier les membres du groupe","True","EduEtatfr - Productivité personnelle (org079363dc)","71485a2b-f322-430c-95fb-c5310e6b6fee","71485a2b-f322-430c-95fb-c5310e6b6fee"
"Suivre un message","True","EduEtatfr - Productivité personnelle (org079363dc)","7476fd9c-3586-443f-b8a6-d0b18f6860b9","7476fd9c-3586-443f-b8a6-d0b18f6860b9"
"UploadOneDrive-funktiniert","False","EduEtatfr - Productivité personnelle (org079363dc)","76cf8902-8c02-4505-a5c2-eeeec024608a","76cf8902-8c02-4505-a5c2-eeeec024608a"
"AusOneDriveinSharepoint","False","EduEtatfr - Productivité personnelle (org079363dc)","76cf8902-8c02-4505-a5c2-eeeec024608a","76cf8902-8c02-4505-a5c2-eeeec024608a"
"Ticket mit Upload","False","EduEtatfr - Productivité personnelle (org079363dc)","76cf8902-8c02-4505-a5c2-eeeec024608a","76cf8902-8c02-4505-a5c2-eeeec024608a"
"TestTicket","False","EduEtatfr - Productivité personnelle (org079363dc)","76cf8902-8c02-4505-a5c2-eeeec024608a","bb95e0aa-8a44-44f5-b432-ad2042aba99d c5c39793-3e5b-466a-a176-b3345c5a6d9d 76cf8902-8c02-4505-a5c2-eeeec024608a"
"Supportanfrage mit Upload","False","EduEtatfr - Productivité personnelle (org079363dc)","76cf8902-8c02-4505-a5c2-eeeec024608a","76cf8902-8c02-4505-a5c2-eeeec024608a"
"Datei als PDF kopieren","True","EduEtatfr - Productivité personnelle (org079363dc)","793bfad1-abe7-4554-87c1-b9cd72d651e5","793bfad1-abe7-4554-87c1-b9cd72d651e5"
"Datei als PDF kopieren","True","EduEtatfr - Productivité personnelle (org079363dc)","7aec17a5-f2bb-4d2e-8c3a-4e124b159341","7aec17a5-f2bb-4d2e-8c3a-4e124b159341"
"Copier le fichier au format PDF dans OneDrive (Professionnel)","True","EduEtatfr - Productivité personnelle (org079363dc)","7cc5ff6d-b215-4dda-92c1-381500caa3c0","7cc5ff6d-b215-4dda-92c1-381500caa3c0"
"Copier le fichier au format PDF dans OneDrive (Professionnel)","True","EduEtatfr - Productivité personnelle (org079363dc)","7f08259b-6732-4838-a6e3-229b2b615a19","7f08259b-6732-4838-a6e3-229b2b615a19"
"Copier le fichier au format PDF dans OneDrive (Professionnel)","True","EduEtatfr - Productivité personnelle (org079363dc)","803610a8-4a26-4764-bcd4-224efe791693","803610a8-4a26-4764-bcd4-224efe791693"
"Copier le fichier au format PDF dans OneDrive (Professionnel)","True","EduEtatfr - Productivité personnelle (org079363dc)","8418aee0-3112-4c5b-bf03-7b0f69cb7f13","8418aee0-3112-4c5b-bf03-7b0f69cb7f13"
"Copier le fichier au format PDF dans OneDrive (Professionnel)","True","EduEtatfr - Productivité personnelle (org079363dc)","87bcdec3-818b-4e01-8b3d-3a8e5a59a457","87bcdec3-818b-4e01-8b3d-3a8e5a59a457"
"Copier le fichier au format PDF dans OneDrive (Professionnel)","True","EduEtatfr - Productivité personnelle (org079363dc)","881d8a0b-ca1e-4ecc-8f0f-9b746c355a46","881d8a0b-ca1e-4ecc-8f0f-9b746c355a46"
"Copier le fichier au format PDF dans OneDrive (Professionnel)","True","EduEtatfr - Productivité personnelle (org079363dc)","8bbe875a-8f0d-4955-a463-ef24af70884f","8bbe875a-8f0d-4955-a463-ef24af70884f"
"Planifier une réponse - 2","True","EduEtatfr - Productivité personnelle (org079363dc)","8ea08096-9c7e-4e5c-a90e-4a48f7a50b7c","8ea08096-9c7e-4e5c-a90e-4a48f7a50b7c"
"Suivre un message","True","EduEtatfr - Productivité personnelle (org079363dc)","8ea08096-9c7e-4e5c-a90e-4a48f7a50b7c","8ea08096-9c7e-4e5c-a90e-4a48f7a50b7c"
"Planifier une réponse","True","EduEtatfr - Productivité personnelle (org079363dc)","8ea08096-9c7e-4e5c-a90e-4a48f7a50b7c","8ea08096-9c7e-4e5c-a90e-4a48f7a50b7c"
"Schedule a message","True","EduEtatfr - Productivité personnelle (org079363dc)","8ea08096-9c7e-4e5c-a90e-4a48f7a50b7c","8ea08096-9c7e-4e5c-a90e-4a48f7a50b7c"
"Copier le fichier au format PDF dans OneDrive (Professionnel)","True","EduEtatfr - Productivité personnelle (org079363dc)","90ab39bb-3724-49b5-9205-bc2ac7c47c90","90ab39bb-3724-49b5-9205-bc2ac7c47c90"
"M’avertir lorsque je suis mentionné dans un e-mail","False","EduEtatfr - Productivité personnelle (org079363dc)","93089254-85ce-4185-9198-5b0570c9f09e","93089254-85ce-4185-9198-5b0570c9f09e"
"Send an email to responder when response submitted in Microsoft Forms","False","EduEtatfr - Productivité personnelle (org079363dc)","93089254-85ce-4185-9198-5b0570c9f09e","93089254-85ce-4185-9198-5b0570c9f09e"
"Copier le fichier au format PDF dans OneDrive (Professionnel)","True","EduEtatfr - Productivité personnelle (org079363dc)","9b9004ec-60f3-41ba-8f53-9c0f9dd7b65f","9b9004ec-60f3-41ba-8f53-9c0f9dd7b65f"
"Copier le fichier au format PDF","True","EduEtatfr - Productivité personnelle (org079363dc)","a1dc90fb-f044-4f1b-9f3b-615994b4df7c","a1dc90fb-f044-4f1b-9f3b-615994b4df7c"
"Eine Nachricht in OneNote speichern","True","EduEtatfr - Productivité personnelle (org079363dc)","a57f5f2e-e6ae-4d88-9c85-53a4702d265a","a57f5f2e-e6ae-4d88-9c85-53a4702d265a"
"Copier le fichier au format PDF dans OneDrive (Professionnel)","True","EduEtatfr - Productivité personnelle (org079363dc)","aa2dce45-e9d9-46d5-bb94-9afbf26af4d9","aa2dce45-e9d9-46d5-bb94-9afbf26af4d9"
"Schedule a meeting from a message","True","EduEtatfr - Productivité personnelle (org079363dc)","ad60f466-cff3-4277-b464-126c05e33925","ad60f466-cff3-4277-b464-126c05e33925"
"Teams - Update requests when School name has been changed","True","EduEtatfr - Productivité personnelle (org079363dc)","ad7f2c8d-c328-4513-8562-9bf7d280ec8f","0230a869-74af-435f-b26f-5e316abacde9 796960dc-6ce0-4dd2-82ec-bd3edb87690a ad7f2c8d-c328-4513-8562-9bf7d280ec8f"
"Teams - Extend life - QA","True","EduEtatfr - Productivité personnelle (org079363dc)","ad7f2c8d-c328-4513-8562-9bf7d280ec8f","796960dc-6ce0-4dd2-82ec-bd3edb87690a 0230a869-74af-435f-b26f-5e316abacde9 ad7f2c8d-c328-4513-8562-9bf7d280ec8f"
"Teams - Super user profile - QA","True","EduEtatfr - Productivité personnelle (org079363dc)","ad7f2c8d-c328-4513-8562-9bf7d280ec8f","0230a869-74af-435f-b26f-5e316abacde9 796960dc-6ce0-4dd2-82ec-bd3edb87690a ad7f2c8d-c328-4513-8562-9bf7d280ec8f"
"Teams - Super user profile","True","EduEtatfr - Productivité personnelle (org079363dc)","ad7f2c8d-c328-4513-8562-9bf7d280ec8f","0230a869-74af-435f-b26f-5e316abacde9 796960dc-6ce0-4dd2-82ec-bd3edb87690a ad7f2c8d-c328-4513-8562-9bf7d280ec8f"
"Teams - Extend life","True","EduEtatfr - Productivité personnelle (org079363dc)","ad7f2c8d-c328-4513-8562-9bf7d280ec8f","0230a869-74af-435f-b26f-5e316abacde9 796960dc-6ce0-4dd2-82ec-bd3edb87690a ad7f2c8d-c328-4513-8562-9bf7d280ec8f"
"Teams - Update requests when School name has been changed - QA","True","EduEtatfr - Productivité personnelle (org079363dc)","ad7f2c8d-c328-4513-8562-9bf7d280ec8f","0230a869-74af-435f-b26f-5e316abacde9 796960dc-6ce0-4dd2-82ec-bd3edb87690a ad7f2c8d-c328-4513-8562-9bf7d280ec8f"
"SharePoint - Super user profile","True","EduEtatfr - Productivité personnelle (org079363dc)","ad7f2c8d-c328-4513-8562-9bf7d280ec8f","0230a869-74af-435f-b26f-5e316abacde9 796960dc-6ce0-4dd2-82ec-bd3edb87690a ad7f2c8d-c328-4513-8562-9bf7d280ec8f"
"Copier le fichier au format PDF","True","EduEtatfr - Productivité personnelle (org079363dc)","b56b9b96-b80e-40aa-80fd-1ca9a2b24af0","b56b9b96-b80e-40aa-80fd-1ca9a2b24af0"
"Test rapide ","False","EduEtatfr - Productivité personnelle (org079363dc)","b5a941a5-f648-4224-acea-a71eae680ce1","b5a941a5-f648-4224-acea-a71eae680ce1"
"Créer une tâche ToDoist","False","EduEtatfr - Productivité personnelle (org079363dc)","b5a941a5-f648-4224-acea-a71eae680ce1","b5a941a5-f648-4224-acea-a71eae680ce1"
"Notify a team when a new Forms response is submitted","False","EduEtatfr - Productivité personnelle (org079363dc)","b5a941a5-f648-4224-acea-a71eae680ce1","b5a941a5-f648-4224-acea-a71eae680ce1"
"Notify the team when a new response is submitted","False","EduEtatfr - Productivité personnelle (org079363dc)","b5a941a5-f648-4224-acea-a71eae680ce1","b5a941a5-f648-4224-acea-a71eae680ce1"
"Quand une réponse à un formulaire est envoyée, démarrer un processus d’approbation dans Teams","False","EduEtatfr - Productivité personnelle (org079363dc)","b5a941a5-f648-4224-acea-a71eae680ce1","b5a941a5-f648-4224-acea-a71eae680ce1"
"Notify the team when a new response is submitted - 2","False","EduEtatfr - Productivité personnelle (org079363dc)","b5a941a5-f648-4224-acea-a71eae680ce1","b5a941a5-f648-4224-acea-a71eae680ce1"
"Copier le fichier au format PDF","True","EduEtatfr - Productivité personnelle (org079363dc)","b8e374e0-3bb5-4f05-9df7-18631470c2cb","b8e374e0-3bb5-4f05-9df7-18631470c2cb"
"Genehmigung anfordern","True","EduEtatfr - Productivité personnelle (org079363dc)","baff43c1-12f0-4dc8-b092-8084c7dca966","baff43c1-12f0-4dc8-b092-8084c7dca966"
"Datei als PDF kopieren","True","EduEtatfr - Productivité personnelle (org079363dc)","be903153-8623-4ee3-9a8c-9d37b4e61409","be903153-8623-4ee3-9a8c-9d37b4e61409"
"Copier le fichier au format PDF dans OneDrive (Professionnel)","True","EduEtatfr - Productivité personnelle (org079363dc)","bed74934-df95-453c-9d08-40320ea2cb7a","bed74934-df95-453c-9d08-40320ea2cb7a"
"Erinnerung Jahresorganisation","True","EduEtatfr - Productivité personnelle (org079363dc)","bf733867-c5a8-4245-8266-e1de98226daf","bf733867-c5a8-4245-8266-e1de98226daf"
"Send an Outlook email for each Microsoft Forms survey response","False","EduEtatfr - Productivité personnelle (org079363dc)","c468d918-1383-46c8-849e-06257fde0f4a","c468d918-1383-46c8-849e-06257fde0f4a"
"Add Element_Liste directives","False","EduEtatfr - Productivité personnelle (org079363dc)","c5c39793-3e5b-466a-a176-b3345c5a6d9d","c5c39793-3e5b-466a-a176-b3345c5a6d9d"
"Copier le fichier au format PDF dans OneDrive (Professionnel)","True","EduEtatfr - Productivité personnelle (org079363dc)","c8bf9185-4419-46d4-819c-d768224e1def","c8bf9185-4419-46d4-819c-d768224e1def"
"Genehmigung anfordern","True","EduEtatfr - Productivité personnelle (org079363dc)","c96ed498-0660-4977-8716-e708bf62dd6c","c96ed498-0660-4977-8716-e708bf62dd6c"
"Effectuer le suivi des réponses Microsoft Forms dans une feuille de calcul Excel Online (Business)","True","EduEtatfr - Productivité personnelle (org079363dc)","cf8f226b-a43e-4042-b76b-ad5d77dd7db1","cf8f226b-a43e-4042-b76b-ad5d77dd7db1"
"ListeMembresTeams","True","EduEtatfr - Productivité personnelle (org079363dc)","d318348d-3db5-41cf-b7bd-a4a6051d056b","d318348d-3db5-41cf-b7bd-a4a6051d056b"
"Copier le fichier au format PDF dans OneDrive (Professionnel)","True","EduEtatfr - Productivité personnelle (org079363dc)","d45932d1-e38d-4e0e-b7ef-6fe688adef07","d45932d1-e38d-4e0e-b7ef-6fe688adef07"
"Poster dans Microsoft Teams un message pour le fichier sélectionné","True","EduEtatfr - Productivité personnelle (org079363dc)","da9ff162-0b61-4ea3-ad39-64ea25c0d00d","da9ff162-0b61-4ea3-ad39-64ea25c0d00d"
"CDS-Mail to Sharepoint","True","EduEtatfr - Productivité personnelle (org079363dc)","e38186d4-7958-40e7-a53a-3f3bfa8abea2","e38186d4-7958-40e7-a53a-3f3bfa8abea2"
"Rappels de date de publication","True","EduEtatfr - Productivité personnelle (org079363dc)","321df6c6-a474-47df-bcb9-e540bbcf6ff0","321df6c6-a474-47df-bcb9-e540bbcf6ff0"
"Generate","True","EduEtatfr - Productivité personnelle (org079363dc)","b1ab25fc-04d4-490f-861e-a52ae5173ea5","b1ab25fc-04d4-490f-861e-a52ae5173ea5"
"CDS - Gestion emploi du temps - droits","False","EduEtatfr - Productivité personnelle (org079363dc)","e38186d4-7958-40e7-a53a-3f3bfa8abea2","e38186d4-7958-40e7-a53a-3f3bfa8abea2"
"PowerApp -> Créer un fichier","True","EduEtatfr - Productivité personnelle (org079363dc)","1ac53929-e50c-4201-aa80-9ea3cf17cd57","1ac53929-e50c-4201-aa80-9ea3cf17cd57"
"CdS-Emplois du temps vers calendrier","True","EduEtatfr - Productivité personnelle (org079363dc)","e38186d4-7958-40e7-a53a-3f3bfa8abea2","e38186d4-7958-40e7-a53a-3f3bfa8abea2"
"CDS-Send Calendar Absence","True","EduEtatfr - Productivité personnelle (org079363dc)","e38186d4-7958-40e7-a53a-3f3bfa8abea2","e38186d4-7958-40e7-a53a-3f3bfa8abea2"
"Generate","True","EduEtatfr - Productivité personnelle (org079363dc)","b1ab25fc-04d4-490f-861e-a52ae5173ea5","b1ab25fc-04d4-490f-861e-a52ae5173ea5"
"Copier le fichier au format PDF dans OneDrive (Professionnel)","True","EduEtatfr - Productivité personnelle (org079363dc)","e1bf09fd-94a4-477d-8118-132ee723d0d6","e1bf09fd-94a4-477d-8118-132ee723d0d6"
"Être averti lorsque vous êtes @mentionné dans un courrier électronique","False","EduEtatfr - Productivité personnelle (org079363dc)","e5b76f61-554f-42b9-8e33-6984bebc7f5d","e5b76f61-554f-42b9-8e33-6984bebc7f5d"
"Datei als PDF in OneDrive (Business) kopieren","True","EduEtatfr - Productivité personnelle (org079363dc)","ebf20522-2a17-43f1-931f-bca51e8b74b6","ebf20522-2a17-43f1-931f-bca51e8b74b6"
"aaaaaa","True","EduEtatfr - Productivité personnelle (org079363dc)","ed088a74-e290-4385-ac30-325fe5d11028","ed088a74-e290-4385-ac30-325fe5d11028"
"Datei als PDF in OneDrive (Business) kopieren","True","EduEtatfr - Productivité personnelle (org079363dc)","ee486d8e-b8f9-42af-ba6e-5a300dcf3f09","ee486d8e-b8f9-42af-ba6e-5a300dcf3f09"
"Nach Erstellung eines neuen SharePoint-Listenelements ein neues Kalenderereignis buchen.","False","EduEtatfr - Productivité personnelle (org079363dc)","f0344cd9-8add-44cb-b285-f5c80fe66b25","f0344cd9-8add-44cb-b285-f5c80fe66b25"
"Formularantworten in SharePoint erfassen","False","EduEtatfr - Productivité personnelle (org079363dc)","f0344cd9-8add-44cb-b285-f5c80fe66b25","f0344cd9-8add-44cb-b285-f5c80fe66b25"
"2 Formulare auf lists","False","EduEtatfr - Productivité personnelle (org079363dc)","f0344cd9-8add-44cb-b285-f5c80fe66b25","f0344cd9-8add-44cb-b285-f5c80fe66b25"
"In Forms eine Aufgabe in Planner erstellen und Nachricht in Teams posten","True","EduEtatfr - Productivité personnelle (org079363dc)","f0344cd9-8add-44cb-b285-f5c80fe66b25","f0344cd9-8add-44cb-b285-f5c80fe66b25"
"Copier le fichier au format PDF dans OneDrive (Professionnel)","True","EduEtatfr - Productivité personnelle (org079363dc)","ff9b65b5-7e40-41b9-b6b9-2eef35b07f73","ff9b65b5-7e40-41b9-b6b9-2eef35b07f73"
"Copier le fichier au format PDF dans OneDrive (Professionnel)","True","EduEtatfr - Productivité personnelle (org079363dc)","019bfb6a-9c30-4e0c-8ef5-841305068c23","019bfb6a-9c30-4e0c-8ef5-841305068c23"
"Flux simple - Premier à répondre","False","EduEtatfr - Productivité personnelle (org079363dc)","08a64213-6866-4e35-bf69-27d1f4fcf1ac","08a64213-6866-4e35-bf69-27d1f4fcf1ac"
"Flux simple -  Attendre une seule réponse","False","EduEtatfr - Productivité personnelle (org079363dc)","08a64213-6866-4e35-bf69-27d1f4fcf1ac","08a64213-6866-4e35-bf69-27d1f4fcf1ac"
"Lors de l'ajout d'un nouveau fichier dans SharePoint, accomplir une action personnalisée","False","EduEtatfr - Productivité personnelle (org079363dc)","08a64213-6866-4e35-bf69-27d1f4fcf1ac","08a64213-6866-4e35-bf69-27d1f4fcf1ac"
"Copier le fichier au format PDF dans OneDrive (Professionnel) - 2","True","EduEtatfr - Productivité personnelle (org079363dc)","08d72ea4-7512-4031-b299-8b544416f0a9","08d72ea4-7512-4031-b299-8b544416f0a9"
"Copier le fichier au format PDF dans OneDrive (Professionnel)","True","EduEtatfr - Productivité personnelle (org079363dc)","08d72ea4-7512-4031-b299-8b544416f0a9","08d72ea4-7512-4031-b299-8b544416f0a9"
"Copier le fichier au format PDF","True","EduEtatfr - Productivité personnelle (org079363dc)","15572b2f-0d66-42e0-ad9e-bcd792357680","15572b2f-0d66-42e0-ad9e-bcd792357680"
"envoyer un message teams à quentin.castella@studentfr.ch toutes les secondes","False","EduEtatfr - Productivité personnelle (org079363dc)","1c735b61-5f78-4597-9b4e-ebc51fecbf59","1c735b61-5f78-4597-9b4e-ebc51fecbf59"
"Lorsqu’un nouveau message de canal est ajouté -> Obtenir les détail...","False","EduEtatfr - Productivité personnelle (org079363dc)","1c735b61-5f78-4597-9b4e-ebc51fecbf59","1c735b61-5f78-4597-9b4e-ebc51fecbf59"
"Button -> Créer une conversation instantanée","True","EduEtatfr - Productivité personnelle (org079363dc)","1c735b61-5f78-4597-9b4e-ebc51fecbf59","1c735b61-5f78-4597-9b4e-ebc51fecbf59"
"À l'arrivée d'un nouvel e-mail (V3) -> Analyser les sentiments posi...","False","EduEtatfr - Productivité personnelle (org079363dc)","1c735b61-5f78-4597-9b4e-ebc51fecbf59","1c735b61-5f78-4597-9b4e-ebc51fecbf59"
"Quentin","True","EduEtatfr - Productivité personnelle (org079363dc)","1c735b61-5f78-4597-9b4e-ebc51fecbf59","1c735b61-5f78-4597-9b4e-ebc51fecbf59"
"Planifier une réponse","False","EduEtatfr - Productivité personnelle (org079363dc)","1c735b61-5f78-4597-9b4e-ebc51fecbf59","1c735b61-5f78-4597-9b4e-ebc51fecbf59"
"Recevoir une notification Push lors de la réception d’un e-mail provenant de votre patron","True","EduEtatfr - Productivité personnelle (org079363dc)","1c735b61-5f78-4597-9b4e-ebc51fecbf59","1c735b61-5f78-4597-9b4e-ebc51fecbf59"
"Validation de la demande","True","EduEtatfr - Productivité personnelle (org079363dc)","2da6d46e-63b1-407d-a637-462f7e3abacb","2da6d46e-63b1-407d-a637-462f7e3abacb"
"Copier le fichier au format PDF dans OneDrive (Professionnel)","True","EduEtatfr - Productivité personnelle (org079363dc)","2edb6f6e-9262-484b-9b25-694be58bd1c2","2edb6f6e-9262-484b-9b25-694be58bd1c2"
"Réponse différée à un message","True","EduEtatfr - Productivité personnelle (org079363dc)","2efe0297-2983-4eff-a6b2-a6f57a64050c","2efe0297-2983-4eff-a6b2-a6f57a64050c"
"Créer un événement à partir d’un message","True","EduEtatfr - Productivité personnelle (org079363dc)","2efe0297-2983-4eff-a6b2-a6f57a64050c","2efe0297-2983-4eff-a6b2-a6f57a64050c"
"Planifier une réponse","True","EduEtatfr - Productivité personnelle (org079363dc)","301e24c0-aa33-4c7f-b6fa-461b315d701b","301e24c0-aa33-4c7f-b6fa-461b315d701b"
"Arbeitszeiten in Excel Online-Arbeitsblatt (Business) nachverfolgen","True","EduEtatfr - Productivité personnelle (org079363dc)","30b92880-dc18-4b3e-b920-de2a064a8c04","30b92880-dc18-4b3e-b920-de2a064a8c04"
"Office 365-E-Mail-Anlagen in angegebenem OneDrive for Business-Ordner speichern","True","EduEtatfr - Productivité personnelle (org079363dc)","30b92880-dc18-4b3e-b920-de2a064a8c04","30b92880-dc18-4b3e-b920-de2a064a8c04"
"Get the weather when 'whatstheweather' is asked in a channel","False","EduEtatfr - Productivité personnelle (org079363dc)","357e2fd4-91ae-407c-a617-6c614257c035","357e2fd4-91ae-407c-a617-6c614257c035"
"Genehmigung anfordern","True","EduEtatfr - Productivité personnelle (org079363dc)","3810ae70-614f-49be-bd18-26f3f06100a0","3810ae70-614f-49be-bd18-26f3f06100a0"
"Copie de -Copier le fichier au format PDF dans OneDrive (Professionnel)","False","EduEtatfr - Productivité personnelle (org079363dc)","38b9bb89-5a01-4283-a603-1d68a3b94e9a","38b9bb89-5a01-4283-a603-1d68a3b94e9a"
"Copier le fichier au format PDF dans OneDrive (Professionnel)","True","EduEtatfr - Productivité personnelle (org079363dc)","38b9bb89-5a01-4283-a603-1d68a3b94e9a","38b9bb89-5a01-4283-a603-1d68a3b94e9a"
"Suivre un message","True","EduEtatfr - Productivité personnelle (org079363dc)","3a7a18b9-af4b-4fcc-8b04-8d117dd1b6e5","3a7a18b9-af4b-4fcc-8b04-8d117dd1b6e5"
"Datei als PDF kopieren","True","EduEtatfr - Productivité personnelle (org079363dc)","3d444ca7-2684-4a65-8b97-eb86d6ce6ed8","3d444ca7-2684-4a65-8b97-eb86d6ce6ed8"
"Button -> callAzureFunction","False","EduEtatfr - Productivité personnelle (org079363dc)","3dfde198-9736-4b03-a71a-b2c09525dce7","3dfde198-9736-4b03-a71a-b2c09525dce7"
"Copier le fichier au format PDF","True","EduEtatfr - Productivité personnelle (org079363dc)","415f4208-7455-4027-ae26-5c8bcf909ce5","415f4208-7455-4027-ae26-5c8bcf909ce5"
"Datei als PDF in OneDrive (Business) kopieren","True","EduEtatfr - Productivité personnelle (org079363dc)","4ac8eae1-80d1-4e18-b8e9-684c491c2232","4ac8eae1-80d1-4e18-b8e9-684c491c2232"
"Datei als PDF in OneDrive (Business) kopieren","True","EduEtatfr - Productivité personnelle (org079363dc)","4fca0872-c54a-49f7-bff6-b2af5eda690d","4fca0872-c54a-49f7-bff6-b2af5eda690d"
"Datei als PDF in OneDrive (Business) kopieren","True","EduEtatfr - Productivité personnelle (org079363dc)","5082dd2e-9854-4ff7-8ed2-40669fd79f76","5082dd2e-9854-4ff7-8ed2-40669fd79f76"
"Validation de la demande","True","EduEtatfr - Productivité personnelle (org079363dc)","564ca108-8cf8-4010-9882-af5bae3f5ebe","564ca108-8cf8-4010-9882-af5bae3f5ebe"
"Copier le fichier au format PDF dans OneDrive (Professionnel)","True","EduEtatfr - Productivité personnelle (org079363dc)","6444ae4d-7ce7-4627-aa4c-c132dbed00a5","6444ae4d-7ce7-4627-aa4c-c132dbed00a5"
"Copier le fichier au format PDF dans OneDrive (Professionnel)","True","EduEtatfr - Productivité personnelle (org079363dc)","659d6f6b-504a-4626-abf4-28b5ecdeb3a7","659d6f6b-504a-4626-abf4-28b5ecdeb3a7"
"Copier le fichier au format PDF dans OneDrive (Professionnel)","True","EduEtatfr - Productivité personnelle (org079363dc)","674c1e56-86fe-46b8-9494-27a201de8465","674c1e56-86fe-46b8-9494-27a201de8465"
"Copier le fichier au format PDF dans OneDrive (Professionnel)","True","EduEtatfr - Productivité personnelle (org079363dc)","6a078a6a-e6ff-4401-8ac5-e086e3ce74cd","6a078a6a-e6ff-4401-8ac5-e086e3ce74cd"
"Copier le fichier au format PDF dans OneDrive (Professionnel)","True","EduEtatfr - Productivité personnelle (org079363dc)","6af6e01d-969a-44e1-ae09-d64b30069f00","6af6e01d-969a-44e1-ae09-d64b30069f00"
"envoi_mail_manquants","True","EduEtatfr - Productivité personnelle (org079363dc)","6ce7ad38-6659-4f0a-a694-b1629d2b4e59","6ce7ad38-6659-4f0a-a694-b1629d2b4e59"
"Suivre un message","True","EduEtatfr - Productivité personnelle (org079363dc)","7166c23d-72ad-4a6d-8fdc-1846cd0811d1","7166c23d-72ad-4a6d-8fdc-1846cd0811d1"
"Copier le fichier au format PDF dans OneDrive (Professionnel)","True","EduEtatfr - Productivité personnelle (org079363dc)","75d6b062-d726-4287-befa-ce131035dc62","75d6b062-d726-4287-befa-ce131035dc62"
"Copier le fichier au format PDF dans OneDrive (Professionnel)","True","EduEtatfr - Productivité personnelle (org079363dc)","77505946-2ac6-469e-bff5-91754fecf18e","77505946-2ac6-469e-bff5-91754fecf18e"
"Lorsqu'une nouvelle réponse est envoyée -> Obtenir les détails de l...","True","EduEtatfr - Productivité personnelle (org079363dc)","81aa95fe-a736-45dd-bc6c-0ed9cb1f2785","81aa95fe-a736-45dd-bc6c-0ed9cb1f2785"
"Demande de congé","True","EduEtatfr - Productivité personnelle (org079363dc)","81aa95fe-a736-45dd-bc6c-0ed9cb1f2785","4fbe745d-5959-4885-b5bc-367dba94e4cf 0ac4d26e-74da-4abe-ba12-8bf87708c8bd 81aa95fe-a736-45dd-bc6c-0ed9cb1f2785"
"Justification d'absences","False","EduEtatfr - Productivité personnelle (org079363dc)","81aa95fe-a736-45dd-bc6c-0ed9cb1f2785","81aa95fe-a736-45dd-bc6c-0ed9cb1f2785"
"Copier le fichier au format PDF dans OneDrive (Professionnel)","True","EduEtatfr - Productivité personnelle (org079363dc)","91ac5605-15cf-47b2-9010-f568a7a1d5d0","91ac5605-15cf-47b2-9010-f568a7a1d5d0"
"Suivre un message","True","EduEtatfr - Productivité personnelle (org079363dc)","94e07781-ddc2-4f3e-80aa-4046b0ac08a8","94e07781-ddc2-4f3e-80aa-4046b0ac08a8"
"Bei Eingang einer neuen E-Mail (V3) -> E-Mail senden (V2)","False","EduEtatfr - Productivité personnelle (org079363dc)","98d2d3b8-8287-409a-9e5a-1c307f577059","98d2d3b8-8287-409a-9e5a-1c307f577059"
"Schedule a reply","True","EduEtatfr - Productivité personnelle (org079363dc)","98d2d3b8-8287-409a-9e5a-1c307f577059","98d2d3b8-8287-409a-9e5a-1c307f577059"
"Datei als PDF in OneDrive (Business) kopieren","True","EduEtatfr - Productivité personnelle (org079363dc)","9b9bffb2-e1d2-42f2-a265-1a32234153c2","9b9bffb2-e1d2-42f2-a265-1a32234153c2"
"Datei als PDF kopieren","True","EduEtatfr - Productivité personnelle (org079363dc)","9d0637ba-95b1-4636-a8ad-8e9aaff376a9","9d0637ba-95b1-4636-a8ad-8e9aaff376a9"
"Send an Outlook email for each Microsoft Forms survey response","False","EduEtatfr - Productivité personnelle (org079363dc)","9e891f1a-157a-4cba-8599-f63bb010c9cf","9e891f1a-157a-4cba-8599-f63bb010c9cf"
"Enregistrer les pièces jointes Office 365 dans OneDrive Entreprise","False","EduEtatfr - Productivité personnelle (org079363dc)","a3fa1b63-88fd-44f7-8898-6ddbc6c0ca1a","a3fa1b63-88fd-44f7-8898-6ddbc6c0ca1a"
"Planifier un message","True","EduEtatfr - Productivité personnelle (org079363dc)","a4507812-ed05-4d3a-be62-a173ed3ba171","a4507812-ed05-4d3a-be62-a173ed3ba171"
"Planifier une réponse","True","EduEtatfr - Productivité personnelle (org079363dc)","a4507812-ed05-4d3a-be62-a173ed3ba171","a4507812-ed05-4d3a-be62-a173ed3ba171"
"PRTCSUDAR15-01","True","EduEtatfr - Productivité personnelle (org079363dc)","a5fb189c-3454-4db1-b164-0a6046e37915","a5fb189c-3454-4db1-b164-0a6046e37915"
"PRTCSUDA2HL-00 Elèves 2ème","True","EduEtatfr - Productivité personnelle (org079363dc)","a5fb189c-3454-4db1-b164-0a6046e37915","a5fb189c-3454-4db1-b164-0a6046e37915"
"PRTCSUDAR15-00","True","EduEtatfr - Productivité personnelle (org079363dc)","a5fb189c-3454-4db1-b164-0a6046e37915","a5fb189c-3454-4db1-b164-0a6046e37915"
"PRTCSUDA005-00 Salle des profs","True","EduEtatfr - Productivité personnelle (org079363dc)","a5fb189c-3454-4db1-b164-0a6046e37915","a5fb189c-3454-4db1-b164-0a6046e37915"
"TM22-23","False","EduEtatfr - Productivité personnelle (org079363dc)","a5fb189c-3454-4db1-b164-0a6046e37915","a5fb189c-3454-4db1-b164-0a6046e37915"
"PRTCSUDA1HL-00 Elèves 1er","True","EduEtatfr - Productivité personnelle (org079363dc)","a5fb189c-3454-4db1-b164-0a6046e37915","a5fb189c-3454-4db1-b164-0a6046e37915"
"PRTCSUDA022-00 Proviseurs","False","EduEtatfr - Productivité personnelle (org079363dc)","a5fb189c-3454-4db1-b164-0a6046e37915","a5fb189c-3454-4db1-b164-0a6046e37915"
"PRTCSUDA100-00","True","EduEtatfr - Productivité personnelle (org079363dc)","a5fb189c-3454-4db1-b164-0a6046e37915","a5fb189c-3454-4db1-b164-0a6046e37915"
"Questionnaire Technique","False","EduEtatfr - Productivité personnelle (org079363dc)","a5fb189c-3454-4db1-b164-0a6046e37915","a5fb189c-3454-4db1-b164-0a6046e37915"
"PRTCSUDA232-00 Chimie 2ème","True","EduEtatfr - Productivité personnelle (org079363dc)","a5fb189c-3454-4db1-b164-0a6046e37915","a5fb189c-3454-4db1-b164-0a6046e37915"
"PRTCSUDA311-00 Salle 311","True","EduEtatfr - Productivité personnelle (org079363dc)","a5fb189c-3454-4db1-b164-0a6046e37915","a5fb189c-3454-4db1-b164-0a6046e37915"
"PRTCSUDA130-00 Biologie 1er","True","EduEtatfr - Productivité personnelle (org079363dc)","a5fb189c-3454-4db1-b164-0a6046e37915","a5fb189c-3454-4db1-b164-0a6046e37915"
"PRTCSUDA014-00 Bibliothèque","False","EduEtatfr - Productivité personnelle (org079363dc)","a5fb189c-3454-4db1-b164-0a6046e37915","a5fb189c-3454-4db1-b164-0a6046e37915"
"Suivre un message","True","EduEtatfr - Productivité personnelle (org079363dc)","a63ce9ee-7f46-4f55-b2d6-92196e8021e2","a63ce9ee-7f46-4f55-b2d6-92196e8021e2"
"V12 avec flux proposé par microsoft et test pièce jointe","True","EduEtatfr - Productivité personnelle (org079363dc)","ab8618b0-e9bb-4617-90b4-2ced1ae3fd40","ab8618b0-e9bb-4617-90b4-2ced1ae3fd40"
"V11 avec flux proposé par microsoft","False","EduEtatfr - Productivité personnelle (org079363dc)","ab8618b0-e9bb-4617-90b4-2ced1ae3fd40","ab8618b0-e9bb-4617-90b4-2ced1ae3fd40"
"Office 365-E-Mail-Anlagen in OneDrive for Business speichern","True","EduEtatfr - Productivité personnelle (org079363dc)","b82f443d-a548-49f5-90c0-d4a6cb4a4f12","b82f443d-a548-49f5-90c0-d4a6cb4a4f12"
"Copier le fichier au format PDF dans OneDrive (Professionnel)","True","EduEtatfr - Productivité personnelle (org079363dc)","be5d1606-2c81-4ab1-bc60-0080a9c0272d","be5d1606-2c81-4ab1-bc60-0080a9c0272d"
"Datei als PDF in OneDrive (Business) kopieren","True","EduEtatfr - Productivité personnelle (org079363dc)","c158ca17-78d9-43bf-8f54-e57c461f03c9","c158ca17-78d9-43bf-8f54-e57c461f03c9"
"Copier le fichier au format PDF dans OneDrive (Professionnel)","True","EduEtatfr - Productivité personnelle (org079363dc)","c43afe7d-8ab7-4974-99fa-59bca68d363f","c43afe7d-8ab7-4974-99fa-59bca68d363f"
"Bouton -> Demande info bilan sous Teams","True","EduEtatfr - Productivité personnelle (org079363dc)","c630058f-f7be-4b91-9a53-ab6725d54ad1","c630058f-f7be-4b91-9a53-ab6725d54ad1"
"Bouton Bilan-> Demande d'informations dans TEAMS","False","EduEtatfr - Productivité personnelle (org079363dc)","c630058f-f7be-4b91-9a53-ab6725d54ad1","c630058f-f7be-4b91-9a53-ab6725d54ad1"
"Annonce de défectuosités","False","EduEtatfr - Productivité personnelle (org079363dc)","c8f5af98-523f-436d-a8f8-924e9aeafb89","c8f5af98-523f-436d-a8f8-924e9aeafb89"
"When a Planner task in completed, update row in Excel Online (Business)","False","EduEtatfr - Productivité personnelle (org079363dc)","c8f5af98-523f-436d-a8f8-924e9aeafb89","c8f5af98-523f-436d-a8f8-924e9aeafb89"
"Fiches de prêts portables","True","EduEtatfr - Productivité personnelle (org079363dc)","c8f5af98-523f-436d-a8f8-924e9aeafb89","c8f5af98-523f-436d-a8f8-924e9aeafb89"
"Formulaire nouvel intervenant","True","EduEtatfr - Productivité personnelle (org079363dc)","c8f5af98-523f-436d-a8f8-924e9aeafb89","c8f5af98-523f-436d-a8f8-924e9aeafb89"
"Scandir prêt portable","False","EduEtatfr - Productivité personnelle (org079363dc)","c8f5af98-523f-436d-a8f8-924e9aeafb89","c8f5af98-523f-436d-a8f8-924e9aeafb89"
"SCI - Contrôle des risques","True","EduEtatfr - Productivité personnelle (org079363dc)","c8f5af98-523f-436d-a8f8-924e9aeafb89","c8f5af98-523f-436d-a8f8-924e9aeafb89"
"Correction timbrage","True","EduEtatfr - Productivité personnelle (org079363dc)","c8f5af98-523f-436d-a8f8-924e9aeafb89","62dab708-60aa-405a-b749-b2c8880bd0a3 c8f5af98-523f-436d-a8f8-924e9aeafb89"
"Nouveaux remplacant","False","EduEtatfr - Productivité personnelle (org079363dc)","c8f5af98-523f-436d-a8f8-924e9aeafb89","c8f5af98-523f-436d-a8f8-924e9aeafb89"
"Nouvel intervenant COMA","False","EduEtatfr - Productivité personnelle (org079363dc)","c8f5af98-523f-436d-a8f8-924e9aeafb89","c8f5af98-523f-436d-a8f8-924e9aeafb89"
"Formulaire fiche de réparation","True","EduEtatfr - Productivité personnelle (org079363dc)","c8f5af98-523f-436d-a8f8-924e9aeafb89","c8f5af98-523f-436d-a8f8-924e9aeafb89"
"Lancer l'approbation du manager pour le fichier sélectionné","False","EduEtatfr - Productivité personnelle (org079363dc)","ca5f7dd4-3d2b-4f7a-965f-519df6124fb6","ca5f7dd4-3d2b-4f7a-965f-519df6124fb6"
"Datei als PDF in OneDrive (Business) kopieren","True","EduEtatfr - Productivité personnelle (org079363dc)","cf0f2f71-14bb-476a-b2d8-455996b68ffe","cf0f2f71-14bb-476a-b2d8-455996b68ffe"
"Copier le fichier au format PDF dans OneDrive (Professionnel)","True","EduEtatfr - Productivité personnelle (org079363dc)","cf4d8b45-cd86-4eb7-946b-7e5ec492f050","cf4d8b45-cd86-4eb7-946b-7e5ec492f050"
"Recevoir un rappel par e-mail","True","EduEtatfr - Productivité personnelle (org079363dc)","cfa7c7d7-c64c-4ce9-992e-a4f2e833f5f4","cfa7c7d7-c64c-4ce9-992e-a4f2e833f5f4"
"Quand un élément de liste SharePoint existant est modifié, exécuter une action personnalisée","False","EduEtatfr - Productivité personnelle (org079363dc)","cfa7c7d7-c64c-4ce9-992e-a4f2e833f5f4","36ef5994-ddc7-4329-aebc-8dc683bdfdff cfa7c7d7-c64c-4ce9-992e-a4f2e833f5f4"
"Create a task in Planner when a new email arrives in a shared mailbox","False","EduEtatfr - Productivité personnelle (org079363dc)","cfa7c7d7-c64c-4ce9-992e-a4f2e833f5f4","cfa7c7d7-c64c-4ce9-992e-a4f2e833f5f4"
"Envoyer un e-mail personnalisé lors de l’ajout d’un élément à une liste SharePoint","False","EduEtatfr - Productivité personnelle (org079363dc)","cfa7c7d7-c64c-4ce9-992e-a4f2e833f5f4","cfa7c7d7-c64c-4ce9-992e-a4f2e833f5f4"
"Datei als PDF in OneDrive (Business) kopieren","True","EduEtatfr - Productivité personnelle (org079363dc)","d1f74c38-af6d-4da3-8811-e55d1563e9bf","d1f74c38-af6d-4da3-8811-e55d1563e9bf"
"Copier le fichier au format PDF dans OneDrive (Professionnel)","True","EduEtatfr - Productivité personnelle (org079363dc)","d5ac8f80-29f0-4deb-a049-e3877079154a","d5ac8f80-29f0-4deb-a049-e3877079154a"
"Transfère dans équipe C1C2C3","True","EduEtatfr - Productivité personnelle (org079363dc)","d62d4531-fbb3-4349-8cd5-130d495fd0ea","d62d4531-fbb3-4349-8cd5-130d495fd0ea"
"Republier dans EdNum Cap Nord","True","EduEtatfr - Productivité personnelle (org079363dc)","d62d4531-fbb3-4349-8cd5-130d495fd0ea","d62d4531-fbb3-4349-8cd5-130d495fd0ea"
"Enregistrer un message dans OneNote","True","EduEtatfr - Productivité personnelle (org079363dc)","da42d911-d4d0-4220-9042-2d3d0b6e3323","da42d911-d4d0-4220-9042-2d3d0b6e3323"
"Datei als PDF in OneDrive (Business) kopieren","True","EduEtatfr - Productivité personnelle (org079363dc)","de835003-ef35-4925-84e6-5cebe1520d3d","de835003-ef35-4925-84e6-5cebe1520d3d"
"Copier le fichier au format PDF dans OneDrive (Professionnel)","True","EduEtatfr - Productivité personnelle (org079363dc)","dfc19a7e-c553-4188-a320-76f6c122c28f","dfc19a7e-c553-4188-a320-76f6c122c28f"
"Fritic-Friportail-SetPermissionToResPedago","True","EduEtatfr - Productivité personnelle (org079363dc)","e04241b4-9404-4a05-8099-91beb60b4351","e04241b4-9404-4a05-8099-91beb60b4351"
"Datei als PDF kopieren","True","EduEtatfr - Productivité personnelle (org079363dc)","e4734429-d29a-4a74-9416-11be4217699b","e4734429-d29a-4a74-9416-11be4217699b"
"Masterarbeit","False","EduEtatfr - Productivité personnelle (org079363dc)","e58c513d-b262-4397-afc2-a11dea17cc95","e58c513d-b262-4397-afc2-a11dea17cc95"
"Gestion absence formation","True","EduEtatfr - Productivité personnelle (org079363dc)","e58c513d-b262-4397-afc2-a11dea17cc95","e58c513d-b262-4397-afc2-a11dea17cc95"
"Train","True","EduEtatfr - Productivité personnelle (org079363dc)","e58c513d-b262-4397-afc2-a11dea17cc95","e58c513d-b262-4397-afc2-a11dea17cc95"
"Eine Nachricht in OneNote speichern","True","EduEtatfr - Productivité personnelle (org079363dc)","e8582b96-abcb-40d4-8d64-283ad8dc9fd4","e8582b96-abcb-40d4-8d64-283ad8dc9fd4"
"Eine Nachricht in OneNote APs speichern","True","EduEtatfr - Productivité personnelle (org079363dc)","e8582b96-abcb-40d4-8d64-283ad8dc9fd4","e8582b96-abcb-40d4-8d64-283ad8dc9fd4"
"Button -> Appliquer à chacun,Lister les lignes présentes dans un ta...","True","EduEtatfr - Productivité personnelle (org079363dc)","e9337ef7-2295-4bd9-ab04-5cc6deeb8bd7","e9337ef7-2295-4bd9-ab04-5cc6deeb8bd7"
"Copier le fichier au format PDF dans OneDrive (Professionnel)","True","EduEtatfr - Productivité personnelle (org079363dc)","ed7d2359-dfc4-45ab-a5b2-d26b12cab4ec","ed7d2359-dfc4-45ab-a5b2-d26b12cab4ec"
"Planner-to-Teams","False","EduEtatfr - Productivité personnelle (org079363dc)","effdc96a-aa2e-40f7-a411-3976af10c1fb","effdc96a-aa2e-40f7-a411-3976af10c1fb"
"Complete a custom action for the selected file","True","EduEtatfr - Productivité personnelle (org079363dc)","f0f0ac91-878f-4fd1-860a-be88c3f8f916","f0f0ac91-878f-4fd1-860a-be88c3f8f916"
"Copier le fichier au format PDF dans OneDrive (Professionnel)","True","EduEtatfr - Productivité personnelle (org079363dc)","f975773b-2200-4f77-96d8-8b7880f153f1","f975773b-2200-4f77-96d8-8b7880f153f1"
"Copier le fichier au format PDF dans OneDrive (Professionnel)","True","EduEtatfr - Productivité personnelle (org079363dc)","fc0c695d-fed4-4430-91d0-4ddd1e6f3f56","fc0c695d-fed4-4430-91d0-4ddd1e6f3f56"
"Réponse différée à un message","True","EduEtatfr - Productivité personnelle (org079363dc)","fcdc7dbf-0bf0-4f31-86f7-eb54db7a8f9a","fcdc7dbf-0bf0-4f31-86f7-eb54db7a8f9a"
"Copier le fichier au format PDF dans OneDrive (Professionnel)","True","EduEtatfr - Productivité personnelle (org079363dc)","fce1b9b5-fd3c-4a3e-a964-221fd28e3182","fce1b9b5-fd3c-4a3e-a964-221fd28e3182"
"Copier le fichier au format PDF dans OneDrive (Professionnel)","True","EduEtatfr - Productivité personnelle (org079363dc)","005ece67-cf54-4eac-8ddb-a05a1fc2e44b","005ece67-cf54-4eac-8ddb-a05a1fc2e44b"
"Datei als PDF in OneDrive (Business) kopieren","True","EduEtatfr - Productivité personnelle (org079363dc)","03d262e8-868b-45ed-a8fa-7ba5dd531e2e","03d262e8-868b-45ed-a8fa-7ba5dd531e2e"
"Datei als PDF in OneDrive (Business) kopieren–2","True","EduEtatfr - Productivité personnelle (org079363dc)","03d262e8-868b-45ed-a8fa-7ba5dd531e2e","03d262e8-868b-45ed-a8fa-7ba5dd531e2e"
"Copier le fichier au format PDF","True","EduEtatfr - Productivité personnelle (org079363dc)","0c725761-fa3f-4381-9977-ad141cabf413","0c725761-fa3f-4381-9977-ad141cabf413"
"Copier le fichier au format PDF - 2","True","EduEtatfr - Productivité personnelle (org079363dc)","0c725761-fa3f-4381-9977-ad141cabf413","0c725761-fa3f-4381-9977-ad141cabf413"
"Forward emails with and without attachment from Office 365","True","EduEtatfr - Productivité personnelle (org079363dc)","0fb0c510-7ac6-4f31-9ffc-fa7cc282a187","0fb0c510-7ac6-4f31-9ffc-fa7cc282a187"
"Copier le fichier au format PDF","True","EduEtatfr - Productivité personnelle (org079363dc)","1db07b73-3f27-425d-a6ea-6758727478a9","1db07b73-3f27-425d-a6ea-6758727478a9"
"Copier le fichier au format PDF","True","EduEtatfr - Productivité personnelle (org079363dc)","1e840135-7b78-4589-b95b-f5c408c8c11d","1e840135-7b78-4589-b95b-f5c408c8c11d"
"Créer une tâche dans le Planificateur à partir d’un message","True","EduEtatfr - Productivité personnelle (org079363dc)","1f76c91d-1c79-44eb-8f87-f26328e3049e","1f76c91d-1c79-44eb-8f87-f26328e3049e"
"Copier le fichier au format PDF","True","EduEtatfr - Productivité personnelle (org079363dc)","207921fc-d6fd-4758-b533-4e05188600d0","207921fc-d6fd-4758-b533-4e05188600d0"
"Copier le fichier au format PDF dans OneDrive (Professionnel)","True","EduEtatfr - Productivité personnelle (org079363dc)","23067d96-db8c-407d-bf1a-b12690992905","23067d96-db8c-407d-bf1a-b12690992905"
"Schedule a reply","True","EduEtatfr - Productivité personnelle (org079363dc)","27a42c2e-c5fb-413c-9d53-2657898e0740","27a42c2e-c5fb-413c-9d53-2657898e0740"
"Copier le fichier au format PDF dans OneDrive (Professionnel)","True","EduEtatfr - Productivité personnelle (org079363dc)","28143c09-a397-4291-825a-ad97bf151d0d","28143c09-a397-4291-825a-ad97bf151d0d"
"Copier le fichier au format PDF dans OneDrive (Professionnel)","True","EduEtatfr - Productivité personnelle (org079363dc)","2a935172-cb84-4d58-9e6d-9c25bcf1edc3","2a935172-cb84-4d58-9e6d-9c25bcf1edc3"
"Post to a chat when a webhook request ris received - 2","False","EduEtatfr - Productivité personnelle (org079363dc)","33beb33d-dd48-4a16-af83-bda0e6f00ae6","33beb33d-dd48-4a16-af83-bda0e6f00ae6"
"Post to a chat when a webhook request ris received","False","EduEtatfr - Productivité personnelle (org079363dc)","33beb33d-dd48-4a16-af83-bda0e6f00ae6","33beb33d-dd48-4a16-af83-bda0e6f00ae6"
"Validation de la demande","True","EduEtatfr - Productivité personnelle (org079363dc)","36dfb134-b8f3-4a06-a866-2d1ef9f57f03","36dfb134-b8f3-4a06-a866-2d1ef9f57f03"
"Copier le fichier au format PDF","True","EduEtatfr - Productivité personnelle (org079363dc)","3b14ead3-cf54-41ac-a84f-a49ce07e48cd","3b14ead3-cf54-41ac-a84f-a49ce07e48cd"
"Être informé de la création d'une note","False","EduEtatfr - Productivité personnelle (org079363dc)","3fd490ec-8c7b-4d79-8fd7-4d50cf48ac74","3fd490ec-8c7b-4d79-8fd7-4d50cf48ac74"
"ValidationDocumentsSharePoint","True","EduEtatfr - Productivité personnelle (org079363dc)","43302fa6-ef7f-48c5-b5b1-c3eaa3042b23","43302fa6-ef7f-48c5-b5b1-c3eaa3042b23"
"PlanifierReponse","True","EduEtatfr - Productivité personnelle (org079363dc)","46fa8247-ff49-4676-91ca-4c4581a99303","46fa8247-ff49-4676-91ca-4c4581a99303"
"Nouveau Fichier CORI-GT_GroupeM365<Mail","False","EduEtatfr - Productivité personnelle (org079363dc)","46fa8247-ff49-4676-91ca-4c4581a99303","46fa8247-ff49-4676-91ca-4c4581a99303"
"Nouveau Fichier COBU-GT-EquipDir<Mail","True","EduEtatfr - Productivité personnelle (org079363dc)","46fa8247-ff49-4676-91ca-4c4581a99303","46fa8247-ff49-4676-91ca-4c4581a99303"
"Message posté CORi GT GroupeM365<mail","False","EduEtatfr - Productivité personnelle (org079363dc)","46fa8247-ff49-4676-91ca-4c4581a99303","46fa8247-ff49-4676-91ca-4c4581a99303"
"Message posté COBU-SecrDir-ComInt<Mail","True","EduEtatfr - Productivité personnelle (org079363dc)","46fa8247-ff49-4676-91ca-4c4581a99303","46fa8247-ff49-4676-91ca-4c4581a99303"
"Suivre un message","True","EduEtatfr - Productivité personnelle (org079363dc)","48aa74e5-17ea-4103-aefd-c95af3b4a28e","48aa74e5-17ea-4103-aefd-c95af3b4a28e"
"Être averti lorsque vous êtes @mentionné dans un courrier électronique","False","EduEtatfr - Productivité personnelle (org079363dc)","48aa74e5-17ea-4103-aefd-c95af3b4a28e","48aa74e5-17ea-4103-aefd-c95af3b4a28e"
"Copier le fichier au format PDF dans OneDrive (Professionnel)","True","EduEtatfr - Productivité personnelle (org079363dc)","4b4b40d4-a426-4094-9b5e-a079ee848db5","4b4b40d4-a426-4094-9b5e-a079ee848db5"
"ApiConnection -> Dateien in Ordner auflisten,Auf alle anwenden,Bedi...","True","EduEtatfr - Productivité personnelle (org079363dc)","4f22db1c-e5d4-451c-b9c5-136b0cabc6a9","4f22db1c-e5d4-451c-b9c5-136b0cabc6a9"
"Copier le fichier au format PDF dans OneDrive (Professionnel)","True","EduEtatfr - Productivité personnelle (org079363dc)","55f6206d-fea3-4c3f-987e-eb139612cec2","55f6206d-fea3-4c3f-987e-eb139612cec2"
"Genehmigung anfordern","True","EduEtatfr - Productivité personnelle (org079363dc)","5ba3c5ed-0adf-43b6-bfd5-b7948e9eb896","5ba3c5ed-0adf-43b6-bfd5-b7948e9eb896"
"Validation de la demande","True","EduEtatfr - Productivité personnelle (org079363dc)","5c53e702-6058-4b20-9d7d-96882f08df5e","5c53e702-6058-4b20-9d7d-96882f08df5e"
"Copier le fichier au format PDF dans OneDrive (Professionnel)","True","EduEtatfr - Productivité personnelle (org079363dc)","690de302-8629-487a-bf3a-2e53fe421c29","690de302-8629-487a-bf3a-2e53fe421c29"
"Copier le fichier au format PDF dans OneDrive (Professionnel)","True","EduEtatfr - Productivité personnelle (org079363dc)","6b306da1-0501-40af-9fd4-dc5c35618b67","6b306da1-0501-40af-9fd4-dc5c35618b67"
"Validation de la demande","True","EduEtatfr - Productivité personnelle (org079363dc)","6fff8f71-131a-4e6e-83f8-5e4844fc616f","6fff8f71-131a-4e6e-83f8-5e4844fc616f"
"Copier le fichier au format PDF dans OneDrive (Professionnel)","True","EduEtatfr - Productivité personnelle (org079363dc)","74621ef7-b27e-48fd-9152-38c9ff3b0425","74621ef7-b27e-48fd-9152-38c9ff3b0425"
"Copier le fichier au format PDF dans OneDrive (Professionnel)","True","EduEtatfr - Productivité personnelle (org079363dc)","7af72545-7de8-44f0-9638-ec4cfcbed8ac","7af72545-7de8-44f0-9638-ec4cfcbed8ac"
"Copier le fichier au format PDF dans OneDrive (Professionnel) - 2","True","EduEtatfr - Productivité personnelle (org079363dc)","7d8b0cc8-3762-4736-8636-eadd9e3b2824","7d8b0cc8-3762-4736-8636-eadd9e3b2824"
"Copier le fichier au format PDF dans OneDrive (Professionnel)","True","EduEtatfr - Productivité personnelle (org079363dc)","7d8b0cc8-3762-4736-8636-eadd9e3b2824","7d8b0cc8-3762-4736-8636-eadd9e3b2824"
"Copier le fichier au format PDF dans OneDrive (Professionnel)","True","EduEtatfr - Productivité personnelle (org079363dc)","7f44efb4-8789-4247-ade8-4e004febb45a","7f44efb4-8789-4247-ade8-4e004febb45a"
"Copier le fichier au format PDF dans OneDrive (Professionnel)","True","EduEtatfr - Productivité personnelle (org079363dc)","8234c93f-06a9-47fc-8267-68bf0b3763e6","8234c93f-06a9-47fc-8267-68bf0b3763e6"
"Validation de la demande","True","EduEtatfr - Productivité personnelle (org079363dc)","86b8a611-8c00-47ac-b2d9-1f9abadccce4","86b8a611-8c00-47ac-b2d9-1f9abadccce4"
"Copier le fichier au format PDF dans OneDrive (Professionnel)","True","EduEtatfr - Productivité personnelle (org079363dc)","88d5a539-c90d-4566-967c-e29f886731b1","88d5a539-c90d-4566-967c-e29f886731b1"
"Copier le fichier au format PDF dans OneDrive (Professionnel)","True","EduEtatfr - Productivité personnelle (org079363dc)","898ee05e-2bee-4098-b94b-e0108c8a0520","898ee05e-2bee-4098-b94b-e0108c8a0520"
"Bestätigung Übernachtung Zentralfest","True","EduEtatfr - Productivité personnelle (org079363dc)","8e4664cd-36d7-48fd-9870-4d8343b8758e","8e4664cd-36d7-48fd-9870-4d8343b8758e"
"Eine Datei mit OneDrive for Business in PDF konvertieren","True","EduEtatfr - Productivité personnelle (org079363dc)","8e4664cd-36d7-48fd-9870-4d8343b8758e","8e4664cd-36d7-48fd-9870-4d8343b8758e"
"Copier le fichier au format PDF dans OneDrive (Professionnel)","True","EduEtatfr - Productivité personnelle (org079363dc)","91109ca0-1d14-408f-ba2d-d2f3c2ff92f6","91109ca0-1d14-408f-ba2d-d2f3c2ff92f6"
"Button -> List my owned groups (V2)","True","EduEtatfr - Productivité personnelle (org079363dc)","91509e7e-24af-4cfa-9143-e3a7a979f6df","91509e7e-24af-4cfa-9143-e3a7a979f6df"
"Copier le fichier au format PDF","True","EduEtatfr - Productivité personnelle (org079363dc)","91f89baa-bf86-4b5b-9748-5ac035b3d40a","91f89baa-bf86-4b5b-9748-5ac035b3d40a"
"Copier le fichier au format PDF dans OneDrive (Professionnel)","True","EduEtatfr - Productivité personnelle (org079363dc)","92fb4d5f-0249-41f8-9070-85e94e7a62d9","92fb4d5f-0249-41f8-9070-85e94e7a62d9"
"Genehmigung anfordern","True","EduEtatfr - Productivité personnelle (org079363dc)","a07f5b0f-7115-48f2-8cf0-32df3a8388b4","a07f5b0f-7115-48f2-8cf0-32df3a8388b4"
"Copier le fichier au format PDF dans OneDrive (Professionnel)","True","EduEtatfr - Productivité personnelle (org079363dc)","abca7a63-801f-4ead-97fe-3f24b705f7bd","abca7a63-801f-4ead-97fe-3f24b705f7bd"
"Datei als PDF in OneDrive (Business) kopieren","True","EduEtatfr - Productivité personnelle (org079363dc)","ac5713d0-42a9-40ac-b3a4-6f94e90666a5","ac5713d0-42a9-40ac-b3a4-6f94e90666a5"
"Copier le fichier au format PDF dans OneDrive (Professionnel)","True","EduEtatfr - Productivité personnelle (org079363dc)","acbcd904-1389-40d9-b784-8f43b0bfbf16","acbcd904-1389-40d9-b784-8f43b0bfbf16"
"Validation de la demande","True","EduEtatfr - Productivité personnelle (org079363dc)","acbfbdd2-127f-49d7-98dc-8ea9a8bf0c38","acbfbdd2-127f-49d7-98dc-8ea9a8bf0c38"
"Datei als PDF in OneDrive (Business) kopieren","True","EduEtatfr - Productivité personnelle (org079363dc)","b31834f6-794f-42b8-a269-6fc10ce02927","b31834f6-794f-42b8-a269-6fc10ce02927"
"Genehmigung anfordern","True","EduEtatfr - Productivité personnelle (org079363dc)","b7b9020d-3b38-4c73-9050-991184c7479a","b7b9020d-3b38-4c73-9050-991184c7479a"
"Datei als PDF in OneDrive (Business) kopieren","True","EduEtatfr - Productivité personnelle (org079363dc)","b7b9020d-3b38-4c73-9050-991184c7479a","b7b9020d-3b38-4c73-9050-991184c7479a"
"Datei als PDF in OneDrive (Business) kopieren–2","True","EduEtatfr - Productivité personnelle (org079363dc)","b7b9020d-3b38-4c73-9050-991184c7479a","b7b9020d-3b38-4c73-9050-991184c7479a"
"Office 365-E-Mail-Anlagen in OneDrive for Business speichern","True","EduEtatfr - Productivité personnelle (org079363dc)","bca00969-1362-43c8-9eb2-256f035fbccf","bca00969-1362-43c8-9eb2-256f035fbccf"
"Copier le fichier au format PDF dans OneDrive (Professionnel)","True","EduEtatfr - Productivité personnelle (org079363dc)","bce03fd1-ae90-46df-b6ea-b1c0aa7871fa","bce03fd1-ae90-46df-b6ea-b1c0aa7871fa"
"Automatische Antwort des RB Servers","True","EduEtatfr - Productivité personnelle (org079363dc)","bdcad50c-b24b-491b-ad48-1237f29d9f6f","bdcad50c-b24b-491b-ad48-1237f29d9f6f"
"schedule test","True","EduEtatfr - Productivité personnelle (org079363dc)","bdcad50c-b24b-491b-ad48-1237f29d9f6f","bdcad50c-b24b-491b-ad48-1237f29d9f6f"
"Demande approbation","False","EduEtatfr - Productivité personnelle (org079363dc)","c954ed63-db35-4ce9-a442-1e10c46b6c0a","c954ed63-db35-4ce9-a442-1e10c46b6c0a"
"Copie de -Demande approbation","True","EduEtatfr - Productivité personnelle (org079363dc)","c954ed63-db35-4ce9-a442-1e10c46b6c0a","c954ed63-db35-4ce9-a442-1e10c46b6c0a"
"Quand un fichier est ajouté ou modifié (propriétés uniquement) -> D...","False","EduEtatfr - Productivité personnelle (org079363dc)","c954ed63-db35-4ce9-a442-1e10c46b6c0a","c954ed63-db35-4ce9-a442-1e10c46b6c0a"
"Lorsqu’un élément est créé -> Démarrer et attendre une approbation,...","False","EduEtatfr - Productivité personnelle (org079363dc)","c954ed63-db35-4ce9-a442-1e10c46b6c0a","c954ed63-db35-4ce9-a442-1e10c46b6c0a"
"Copier le fichier au format PDF dans OneDrive (Professionnel)","True","EduEtatfr - Productivité personnelle (org079363dc)","c9d8a528-6ecd-40a4-abd6-2b630e8c7b11","c9d8a528-6ecd-40a4-abd6-2b630e8c7b11"
"Datei als PDF kopieren","True","EduEtatfr - Productivité personnelle (org079363dc)","cb921a6c-e243-4e68-8d17-8d5734d7f8ad","cb921a6c-e243-4e68-8d17-8d5734d7f8ad"
"Recevoir un rappel par e-mail","True","EduEtatfr - Productivité personnelle (org079363dc)","ce901943-7edf-4026-8dc0-16f8b41d1416","ce901943-7edf-4026-8dc0-16f8b41d1416"
"Envoyer un e-mail personnalisé lors de l’ajout d’un élément à une liste SharePoint","False","EduEtatfr - Productivité personnelle (org079363dc)","cfad11bc-0597-4fce-8968-8fe0ff0aa640","cfad11bc-0597-4fce-8968-8fe0ff0aa640"
"Click Power Apps button to send email for SharePoint items of selected list","True","EduEtatfr - Productivité personnelle (org079363dc)","cfad11bc-0597-4fce-8968-8fe0ff0aa640","cfad11bc-0597-4fce-8968-8fe0ff0aa640"
"Effectuer une action personnalisée pour le fichier sélectionné","True","EduEtatfr - Productivité personnelle (org079363dc)","de475c4c-08c9-4f54-93e1-3d58ef9d13c1","de475c4c-08c9-4f54-93e1-3d58ef9d13c1"
"Datei als PDF in OneDrive (Business) kopieren","True","EduEtatfr - Productivité personnelle (org079363dc)","e2768795-d26b-4d3a-a066-eb3073da5cc3","e2768795-d26b-4d3a-a066-eb3073da5cc3"
"Planifier une réponse","True","EduEtatfr - Productivité personnelle (org079363dc)","e432ecf2-49e5-444d-9a74-92be50f21558","e432ecf2-49e5-444d-9a74-92be50f21558"
"Planifier un message","True","EduEtatfr - Productivité personnelle (org079363dc)","e432ecf2-49e5-444d-9a74-92be50f21558","e432ecf2-49e5-444d-9a74-92be50f21558"
"Quand un nouveau message de conversation instantanée est ajouté -> ...","False","EduEtatfr - Productivité personnelle (org079363dc)","e432ecf2-49e5-444d-9a74-92be50f21558","e432ecf2-49e5-444d-9a74-92be50f21558"
"Copier le fichier au format PDF","True","EduEtatfr - Productivité personnelle (org079363dc)","e8edc06d-8e69-4401-96fd-83d619d1a38c","e8edc06d-8e69-4401-96fd-83d619d1a38c"
"ListeGroupesAzureMembres_Manuel","True","EduEtatfr - Productivité personnelle (org079363dc)","e92212e9-2a83-42f5-83f7-aa07c6a4b4e5","e92212e9-2a83-42f5-83f7-aa07c6a4b4e5"
"ListeGroupesAzureMembres_AutomatiqueV1","True","EduEtatfr - Productivité personnelle (org079363dc)","e92212e9-2a83-42f5-83f7-aa07c6a4b4e5","e92212e9-2a83-42f5-83f7-aa07c6a4b4e5"
"ListeSitesSharepointGroupesUsersV1","True","EduEtatfr - Productivité personnelle (org079363dc)","e92212e9-2a83-42f5-83f7-aa07c6a4b4e5","e92212e9-2a83-42f5-83f7-aa07c6a4b4e5"
"ListeSitesSharepointGroupesUsersV3_Automatique","False","EduEtatfr - Productivité personnelle (org079363dc)","e92212e9-2a83-42f5-83f7-aa07c6a4b4e5","e92212e9-2a83-42f5-83f7-aa07c6a4b4e5"
"ListeSitesSharepointGroupesUsersV2","True","EduEtatfr - Productivité personnelle (org079363dc)","e92212e9-2a83-42f5-83f7-aa07c6a4b4e5","e92212e9-2a83-42f5-83f7-aa07c6a4b4e5"
"ListeSitesSharepointGroupesUsersV4_Automatique","False","EduEtatfr - Productivité personnelle (org079363dc)","e92212e9-2a83-42f5-83f7-aa07c6a4b4e5","e92212e9-2a83-42f5-83f7-aa07c6a4b4e5"
"ListeSitesSharepointGroupesUsersV5_Automatique","True","EduEtatfr - Productivité personnelle (org079363dc)","e92212e9-2a83-42f5-83f7-aa07c6a4b4e5","e92212e9-2a83-42f5-83f7-aa07c6a4b4e5"
"ListeSitesSharepointGroupesUsersV3.1_Automatique","False","EduEtatfr - Productivité personnelle (org079363dc)","e92212e9-2a83-42f5-83f7-aa07c6a4b4e5","e92212e9-2a83-42f5-83f7-aa07c6a4b4e5"
"Validation de la demande","True","EduEtatfr - Productivité personnelle (org079363dc)","ea5bb58e-8f72-42e2-9509-e78d251b90c7","ea5bb58e-8f72-42e2-9509-e78d251b90c7"
"Copier le fichier au format PDF dans OneDrive (Professionnel)","True","EduEtatfr - Productivité personnelle (org079363dc)","ebdef7fe-f0cc-4dd5-9eb9-1610e124943f","ebdef7fe-f0cc-4dd5-9eb9-1610e124943f"
"Copier le fichier au format PDF dans OneDrive (Professionnel)","True","EduEtatfr - Productivité personnelle (org079363dc)","ef1787c3-7565-4535-a67b-b2c6f2f7f557","ef1787c3-7565-4535-a67b-b2c6f2f7f557"
"Datei als PDF in OneDrive (Business) kopieren","True","EduEtatfr - Productivité personnelle (org079363dc)","efaa7cee-fa01-4408-be25-0a2cb1e6c2a2","efaa7cee-fa01-4408-be25-0a2cb1e6c2a2"
"Lister_equipe_teams","True","EduEtatfr - Productivité personnelle (org079363dc)","f6143c75-dce2-421b-8091-9349aa334393","f6143c75-dce2-421b-8091-9349aa334393"
"Ajout utilisateurs 9A prof","True","EduEtatfr - Productivité personnelle (org079363dc)","f6143c75-dce2-421b-8091-9349aa334393","f6143c75-dce2-421b-8091-9349aa334393"
"Créer des tâches Planner pour les e-mails Office 365 importants","False","EduEtatfr - Productivité personnelle (org079363dc)","f7ba3a01-efd1-4fca-9718-47e8f7ace086","f7ba3a01-efd1-4fca-9718-47e8f7ace086"
"Quand un e-mail est marqué d’un indicateur (V3) -> Créer une tâche","False","EduEtatfr - Productivité personnelle (org079363dc)","f7ba3a01-efd1-4fca-9718-47e8f7ace086","f7ba3a01-efd1-4fca-9718-47e8f7ace086"
"Enregistrer les pièces jointes Office 365 dans OneDrive Entreprise","False","EduEtatfr - Productivité personnelle (org079363dc)","fa3bfcfa-26cd-403b-8c85-f975579b596e","fa3bfcfa-26cd-403b-8c85-f975579b596e"
"Copier le fichier au format PDF dans OneDrive (Professionnel)","True","EduEtatfr - Productivité personnelle (org079363dc)","fb4547da-ee9b-422a-bcce-35d147614583","fb4547da-ee9b-422a-bcce-35d147614583"
"401410bb-b36b-494f-ad9b-79f9c7291108 - Rappel de date d’échéance","True","EduEtatfr - Productivité personnelle (org079363dc)","43302fa6-ef7f-48c5-b5b1-c3eaa3042b23","43302fa6-ef7f-48c5-b5b1-c3eaa3042b23"
"Project Service principal - Abandonner l’ensemble d’opérations en attente","True","EduEtatfr - Productivité personnelle (org079363dc)","bd5547ba-ed1c-4621-8c27-43516bb36cf1",
"Project Service principal - Abandonner les ensembles d’opérations ouverts","True","EduEtatfr - Productivité personnelle (org079363dc)","bd5547ba-ed1c-4621-8c27-43516bb36cf1",
